<?xml version="1.0" encoding="UTF-8"?>

<CodeSystem xmlns="http://hl7.org/fhir">
  <id value="CDHIv1"/>
  <text>
    <status value="generated"/><div xmlns="http://www.w3.org/1999/xhtml"><p class="res-header-id"><b>Generated Narrative: CodeSystem CDHIv1</b></p><a name="CDHIv1"> </a><a name="hcCDHIv1"> </a><p>This case-insensitive code system <code>http://smart.who.int/base/CodeSystem/CDHIv1</code> defines the following codes:</p><table class="codes"><tr><td style="white-space:nowrap"><b>Code</b></td><td><b>Display</b></td></tr><tr><td style="white-space:nowrap">1.0<a name="CDHIv1-1.460"> </a></td><td>Clients</td></tr><tr><td style="white-space:nowrap">1.1<a name="CDHIv1-1.461"> </a></td><td>Targeted client communication</td></tr><tr><td style="white-space:nowrap">1.1.1<a name="CDHIv1-1.461.461"> </a></td><td>Transmit health event alerts to specific population group(s)</td></tr><tr><td style="white-space:nowrap">1.1.2<a name="CDHIv1-1.461.462"> </a></td><td>Transmit targeted health information to client(s) based on health status or demographics</td></tr><tr><td style="white-space:nowrap">1.1.3<a name="CDHIv1-1.461.463"> </a></td><td>Transmit targeted alerts and reminders to client(s)</td></tr><tr><td style="white-space:nowrap">1.1.4<a name="CDHIv1-1.461.464"> </a></td><td>Transmit diagnostics result, or availability of result, to client(s)</td></tr><tr><td style="white-space:nowrap">1.2<a name="CDHIv1-1.462"> </a></td><td>Untargeted client communication</td></tr><tr><td style="white-space:nowrap">1.2.1<a name="CDHIv1-1.462.461"> </a></td><td>Transmit untargeted health information to an undefined population</td></tr><tr><td style="white-space:nowrap">1.2.2<a name="CDHIv1-1.462.462"> </a></td><td>Transmit untargeted</td></tr><tr><td style="white-space:nowrap">1.3<a name="CDHIv1-1.463"> </a></td><td>Client to client communication</td></tr><tr><td style="white-space:nowrap">1.3.1<a name="CDHIv1-1.463.461"> </a></td><td>Peer group for clients</td></tr><tr><td style="white-space:nowrap">1.4<a name="CDHIv1-1.464"> </a></td><td>Personal health tracking</td></tr><tr><td style="white-space:nowrap">1.4.1<a name="CDHIv1-1.464.461"> </a></td><td>Access by client to own medical records</td></tr><tr><td style="white-space:nowrap">1.4.2<a name="CDHIv1-1.464.462"> </a></td><td>Self monitoring of health or diagnostic data by client 1.4.3 Active data capture/ documentation by client</td></tr><tr><td style="white-space:nowrap">1.4.3<a name="CDHIv1-1.464.463"> </a></td><td>Active data capture/ documentation by client</td></tr><tr><td style="white-space:nowrap">1.5<a name="CDHIv1-1.465"> </a></td><td>Citizen‐based reporting</td></tr><tr><td style="white-space:nowrap">1.5.1<a name="CDHIv1-1.465.461"> </a></td><td>Reporting of health system feedback by clients</td></tr><tr><td style="white-space:nowrap">1.5.2<a name="CDHIv1-1.465.462"> </a></td><td>Reporting of public health events by clients</td></tr><tr><td style="white-space:nowrap">1.6<a name="CDHIv1-1.466"> </a></td><td>On‐demand information services to clients</td></tr><tr><td style="white-space:nowrap">1.6.1<a name="CDHIv1-1.466.461"> </a></td><td>Client look‐up of health information</td></tr><tr><td style="white-space:nowrap">1.7<a name="CDHIv1-1.467"> </a></td><td>Client financial transactions</td></tr><tr><td style="white-space:nowrap">1.7.1<a name="CDHIv1-1.467.461"> </a></td><td>Transmit or manage out‐of‐pocket payments by client(s)</td></tr><tr><td style="white-space:nowrap">1.7.2<a name="CDHIv1-1.467.462"> </a></td><td>Transmit or manage vouchers to client(s) for health services</td></tr><tr><td style="white-space:nowrap">1.7.3<a name="CDHIv1-1.467.463"> </a></td><td>Transmit or manage incentives to client(s) for health services</td></tr><tr><td style="white-space:nowrap">2.0<a name="CDHIv1-2.460"> </a></td><td>Health workers</td></tr><tr><td style="white-space:nowrap">2.1<a name="CDHIv1-2.461"> </a></td><td>Client identification and registration</td></tr><tr><td style="white-space:nowrap">2.1.1<a name="CDHIv1-2.461.461"> </a></td><td>Verify client unique identity</td></tr><tr><td style="white-space:nowrap">2.1.2<a name="CDHIv1-2.461.462"> </a></td><td>Enrol client for health services/clinical care plan</td></tr><tr><td style="white-space:nowrap">2.2<a name="CDHIv1-2.462"> </a></td><td>Client health records</td></tr><tr><td style="white-space:nowrap">2.2.1<a name="CDHIv1-2.462.461"> </a></td><td>Longitudinal tracking of clients’ health status and services</td></tr><tr><td style="white-space:nowrap">2.2.2<a name="CDHIv1-2.462.462"> </a></td><td>Manage client’s structured clinical records</td></tr><tr><td style="white-space:nowrap">2.2.3<a name="CDHIv1-2.462.463"> </a></td><td>Manage client’s unstructured clinical records</td></tr><tr><td style="white-space:nowrap">2.2.4<a name="CDHIv1-2.462.464"> </a></td><td>Routine health indicator data collection and management</td></tr><tr><td style="white-space:nowrap">2.3<a name="CDHIv1-2.463"> </a></td><td>Health worker decision support</td></tr><tr><td style="white-space:nowrap">2.3.1<a name="CDHIv1-2.463.461"> </a></td><td>Provide prompts and alerts based according to protocol</td></tr><tr><td style="white-space:nowrap">2.3.2<a name="CDHIv1-2.463.462"> </a></td><td>Provide checklist according to protocol</td></tr><tr><td style="white-space:nowrap">2.3.3<a name="CDHIv1-2.463.463"> </a></td><td>Screen clients by risk or other health status</td></tr><tr><td style="white-space:nowrap">2.4<a name="CDHIv1-2.464"> </a></td><td>Telemedicine</td></tr><tr><td style="white-space:nowrap">2.4.1<a name="CDHIv1-2.464.461"> </a></td><td>Consultations between remote client and health worker</td></tr><tr><td style="white-space:nowrap">2.4.2<a name="CDHIv1-2.464.462"> </a></td><td>Remote monitoring of client health or diagnostic data by provider</td></tr><tr><td style="white-space:nowrap">2.4.3<a name="CDHIv1-2.464.463"> </a></td><td>Transmission of medical data to health worker</td></tr><tr><td style="white-space:nowrap">2.4.4<a name="CDHIv1-2.464.464"> </a></td><td>Consultations for case management between health worker(s)</td></tr><tr><td style="white-space:nowrap">2.5<a name="CDHIv1-2.465"> </a></td><td>Health worker communication</td></tr><tr><td style="white-space:nowrap">2.5.1<a name="CDHIv1-2.465.461"> </a></td><td>Communication from health worker(s) to supervisor</td></tr><tr><td style="white-space:nowrap">2.5.2<a name="CDHIv1-2.465.462"> </a></td><td>Communication and performance feedback to health worker(s)</td></tr><tr><td style="white-space:nowrap">2.5.3<a name="CDHIv1-2.465.463"> </a></td><td>Transmit routine news and workflow notifications to health worker(s)</td></tr><tr><td style="white-space:nowrap">2.5.4<a name="CDHIv1-2.465.464"> </a></td><td>Transmit non‐routine health event alerts to health worker(s)</td></tr><tr><td style="white-space:nowrap">2.5.5<a name="CDHIv1-2.465.465"> </a></td><td>Peer group for health workers</td></tr><tr><td style="white-space:nowrap">2.6<a name="CDHIv1-2.466"> </a></td><td>Referral co‐ordination</td></tr><tr><td style="white-space:nowrap">2.6.1<a name="CDHIv1-2.466.461"> </a></td><td>Coordinate emergency response and transport</td></tr><tr><td style="white-space:nowrap">2.6.2<a name="CDHIv1-2.466.462"> </a></td><td>Manage referrals between points of service within health sector</td></tr><tr><td style="white-space:nowrap">2.6.3<a name="CDHIv1-2.466.463"> </a></td><td>Manage referrals between health and other sectors</td></tr><tr><td style="white-space:nowrap">2.7<a name="CDHIv1-2.467"> </a></td><td>Health worker activity planning and scheduling</td></tr><tr><td style="white-space:nowrap">2.7.1<a name="CDHIv1-2.467.461"> </a></td><td>Identify client(s) in need of services</td></tr><tr><td style="white-space:nowrap">2.7.2<a name="CDHIv1-2.467.462"> </a></td><td>Schedule health worker's activities</td></tr><tr><td style="white-space:nowrap">2.8<a name="CDHIv1-2.468"> </a></td><td>Health worker training</td></tr><tr><td style="white-space:nowrap">2.8.1<a name="CDHIv1-2.468.461"> </a></td><td>Provide training content to health worker(s)</td></tr><tr><td style="white-space:nowrap">2.8.2<a name="CDHIv1-2.468.462"> </a></td><td>Assess capacity of health worker(s)</td></tr><tr><td style="white-space:nowrap">2.9<a name="CDHIv1-2.469"> </a></td><td>Prescription and medication management</td></tr><tr><td style="white-space:nowrap">2.9.1<a name="CDHIv1-2.469.461"> </a></td><td>Transmit or track prescription orders</td></tr><tr><td style="white-space:nowrap">2.9.2<a name="CDHIv1-2.469.462"> </a></td><td>Track client's medication consumption</td></tr><tr><td style="white-space:nowrap">2.9.3<a name="CDHIv1-2.469.463"> </a></td><td>Report adverse drug events</td></tr><tr><td style="white-space:nowrap">2.10<a name="CDHIv1-2.4610"> </a></td><td>Laboratory and Diagnostics Imaging Management</td></tr><tr><td style="white-space:nowrap">2.10.1<a name="CDHIv1-2.4610.461"> </a></td><td>Transmit diagnostic result to health worker</td></tr><tr><td style="white-space:nowrap">2.10.2<a name="CDHIv1-2.4610.462"> </a></td><td>Transmit and track diagnostic orders</td></tr><tr><td style="white-space:nowrap">2.10.3<a name="CDHIv1-2.4610.463"> </a></td><td>Capture diagnostic results from digital devices</td></tr><tr><td style="white-space:nowrap">2.10.4<a name="CDHIv1-2.4610.464"> </a></td><td>Track biological specimens</td></tr><tr><td style="white-space:nowrap">3.0<a name="CDHIv1-3.460"> </a></td><td>Health system managers</td></tr><tr><td style="white-space:nowrap">3.1<a name="CDHIv1-3.461"> </a></td><td>Human resource management</td></tr><tr><td style="white-space:nowrap">3.1.1<a name="CDHIv1-3.461.461"> </a></td><td>List health workforce cadres and related identification information</td></tr><tr><td style="white-space:nowrap">3.1.2<a name="CDHIv1-3.461.462"> </a></td><td>Monitor performance of health worker(s)</td></tr><tr><td style="white-space:nowrap">3.1.3<a name="CDHIv1-3.461.463"> </a></td><td>Manage certification/registration of health worker(s)</td></tr><tr><td style="white-space:nowrap">3.1.4<a name="CDHIv1-3.461.464"> </a></td><td>Record training credentials of health worker(s)</td></tr><tr><td style="white-space:nowrap">3.2<a name="CDHIv1-3.462"> </a></td><td>Supply chain management</td></tr><tr><td style="white-space:nowrap">3.2.1<a name="CDHIv1-3.462.461"> </a></td><td>Manage inventory and distribution of health commodities</td></tr><tr><td style="white-space:nowrap">3.2.2<a name="CDHIv1-3.462.462"> </a></td><td>Notify stock levels of health commodities</td></tr><tr><td style="white-space:nowrap">3.2.3<a name="CDHIv1-3.462.463"> </a></td><td>Monitor cold‐chain sensitive commodities</td></tr><tr><td style="white-space:nowrap">3.2.4<a name="CDHIv1-3.462.464"> </a></td><td>Register licensed drugs and health commodities</td></tr><tr><td style="white-space:nowrap">3.2.5<a name="CDHIv1-3.462.465"> </a></td><td>Manage procurement of commodities</td></tr><tr><td style="white-space:nowrap">3.2.6<a name="CDHIv1-3.462.466"> </a></td><td>Report counterfeit or substandard drugs by clients</td></tr><tr><td style="white-space:nowrap">3.3<a name="CDHIv1-3.463"> </a></td><td>Public health event notification</td></tr><tr><td style="white-space:nowrap">3.3.1<a name="CDHIv1-3.463.461"> </a></td><td>Notification of public health events from point of diagnosis</td></tr><tr><td style="white-space:nowrap">3.4<a name="CDHIv1-3.464"> </a></td><td>Civil Registration and Vital Statistics</td></tr><tr><td style="white-space:nowrap">3.4.1<a name="CDHIv1-3.464.461"> </a></td><td>Notify birth event</td></tr><tr><td style="white-space:nowrap">3.4.2<a name="CDHIv1-3.464.462"> </a></td><td>Register birth event</td></tr><tr><td style="white-space:nowrap">3.4.3<a name="CDHIv1-3.464.463"> </a></td><td>Certify birth event</td></tr><tr><td style="white-space:nowrap">3.4.4<a name="CDHIv1-3.464.464"> </a></td><td>Notify death event</td></tr><tr><td style="white-space:nowrap">3.4.5<a name="CDHIv1-3.464.465"> </a></td><td>Register death event</td></tr><tr><td style="white-space:nowrap">3.4.6<a name="CDHIv1-3.464.466"> </a></td><td>Certify death event</td></tr><tr><td style="white-space:nowrap">3.5<a name="CDHIv1-3.465"> </a></td><td>Health financing</td></tr><tr><td style="white-space:nowrap">3.5.1<a name="CDHIv1-3.465.461"> </a></td><td>Register and verify client insurance membership</td></tr><tr><td style="white-space:nowrap">3.5.2<a name="CDHIv1-3.465.462"> </a></td><td>Track insurance billing and claims submission</td></tr><tr><td style="white-space:nowrap">3.5.3<a name="CDHIv1-3.465.463"> </a></td><td>Track and manage insurance reimbursement</td></tr><tr><td style="white-space:nowrap">3.5.4<a name="CDHIv1-3.465.464"> </a></td><td>Transmit routine payroll payment to health worker(s)</td></tr><tr><td style="white-space:nowrap">3.5.5<a name="CDHIv1-3.465.465"> </a></td><td>Transmit or manage incentives to health worker(s)</td></tr><tr><td style="white-space:nowrap">3.5.6<a name="CDHIv1-3.465.466"> </a></td><td>Manage budget and expenditures</td></tr><tr><td style="white-space:nowrap">3.6<a name="CDHIv1-3.466"> </a></td><td>Equipment and asset management</td></tr><tr><td style="white-space:nowrap">3.6.1<a name="CDHIv1-3.466.461"> </a></td><td>Monitor status of health equipment</td></tr><tr><td style="white-space:nowrap">3.6.2<a name="CDHIv1-3.466.462"> </a></td><td>Track regulation and licensing of medical equipment</td></tr><tr><td style="white-space:nowrap">3.7<a name="CDHIv1-3.467"> </a></td><td>Facility management</td></tr><tr><td style="white-space:nowrap">3.7.1<a name="CDHIv1-3.467.461"> </a></td><td>List health facilities and related information</td></tr><tr><td style="white-space:nowrap">3.7.2<a name="CDHIv1-3.467.462"> </a></td><td>Assess health facilities</td></tr><tr><td style="white-space:nowrap">4.0<a name="CDHIv1-4.460"> </a></td><td>Data services</td></tr><tr><td style="white-space:nowrap">4.1<a name="CDHIv1-4.461"> </a></td><td>Data collection, management, and use</td></tr><tr><td style="white-space:nowrap">4.1.1<a name="CDHIv1-4.461.461"> </a></td><td>Non‐routine data collection and management</td></tr><tr><td style="white-space:nowrap">4.1.2<a name="CDHIv1-4.461.462"> </a></td><td>Data storage and aggregation</td></tr><tr><td style="white-space:nowrap">4.1.3<a name="CDHIv1-4.461.463"> </a></td><td>Data synthesis and visualisation</td></tr><tr><td style="white-space:nowrap">4.1.4<a name="CDHIv1-4.461.464"> </a></td><td>Automated analysis of data to generate new information or predictions on future events</td></tr><tr><td style="white-space:nowrap">4.2<a name="CDHIv1-4.462"> </a></td><td>Data coding</td></tr><tr><td style="white-space:nowrap">4.2.1<a name="CDHIv1-4.462.461"> </a></td><td>Parse unstructured data into structured data</td></tr><tr><td style="white-space:nowrap">4.2.2<a name="CDHIv1-4.462.462"> </a></td><td>Merge, de‐duplicate, and curate coded datasets or terminologies</td></tr><tr><td style="white-space:nowrap">4.2.3<a name="CDHIv1-4.462.463"> </a></td><td>Classify disease codes or cause of mortality</td></tr><tr><td style="white-space:nowrap">4.3<a name="CDHIv1-4.463"> </a></td><td>Location mapping</td></tr><tr><td style="white-space:nowrap">4.3.1<a name="CDHIv1-4.463.461"> </a></td><td>Map location of health facilities/structures</td></tr><tr><td style="white-space:nowrap">4.3.2<a name="CDHIv1-4.463.462"> </a></td><td>Map location of health events</td></tr><tr><td style="white-space:nowrap">4.3.3<a name="CDHIv1-4.463.463"> </a></td><td>Map location of clients and households</td></tr><tr><td style="white-space:nowrap">4.3.4<a name="CDHIv1-4.463.464"> </a></td><td>Map location of health worker</td></tr><tr><td style="white-space:nowrap">4.4<a name="CDHIv1-4.464"> </a></td><td>Data exchange and interoperability</td></tr><tr><td style="white-space:nowrap">4.4.1<a name="CDHIv1-4.464.461"> </a></td><td>Data exchange across systems</td></tr></table></div>
  </text>
  <url value="http://smart.who.int/base/CodeSystem/CDHIv1"/>
  <version value="0.2.0"/>
  <name value="CDHIv1"/>
  <title value="Classification of Digital Health Interventions v1"/>
  <status value="active"/>
  <experimental value="true"/>
  <date value="2025-09-22T22:18:10+00:00"/>
  <publisher value="WHO"/>
  <contact>
    <name value="WHO"/>
    <telecom>
      <system value="url"/>
      <value value="http://who.int"/>
    </telecom>
  </contact>
  <description value="CodeSystem for Classification of Digital Health Interventions v1. Autogenerated from DAK artifacts"/>
  <caseSensitive value="false"/>
  <content value="complete"/>
  <count value="119"/>
  <concept>
    <code value="1.0"/>
    <display value="Clients"/>
  </concept>
  <concept>
    <code value="1.1"/>
    <display value="Targeted client communication"/>
  </concept>
  <concept>
    <code value="1.1.1"/>
    <display value="Transmit health event alerts to specific population group(s)"/>
  </concept>
  <concept>
    <code value="1.1.2"/>
    <display value="Transmit targeted health information to client(s) based on health status or demographics"/>
  </concept>
  <concept>
    <code value="1.1.3"/>
    <display value="Transmit targeted alerts and reminders to client(s)"/>
  </concept>
  <concept>
    <code value="1.1.4"/>
    <display value="Transmit diagnostics result, or availability of result, to client(s)"/>
  </concept>
  <concept>
    <code value="1.2"/>
    <display value="Untargeted client communication"/>
  </concept>
  <concept>
    <code value="1.2.1"/>
    <display value="Transmit untargeted health information to an undefined population"/>
  </concept>
  <concept>
    <code value="1.2.2"/>
    <display value="Transmit untargeted"/>
  </concept>
  <concept>
    <code value="1.3"/>
    <display value="Client to client communication"/>
  </concept>
  <concept>
    <code value="1.3.1"/>
    <display value="Peer group for clients"/>
  </concept>
  <concept>
    <code value="1.4"/>
    <display value="Personal health tracking"/>
  </concept>
  <concept>
    <code value="1.4.1"/>
    <display value="Access by client to own medical records"/>
  </concept>
  <concept>
    <code value="1.4.2"/>
    <display value="Self monitoring of health or diagnostic data by client 1.4.3 Active data capture/ documentation by client"/>
  </concept>
  <concept>
    <code value="1.4.3"/>
    <display value="Active data capture/ documentation by client"/>
  </concept>
  <concept>
    <code value="1.5"/>
    <display value="Citizen‐based reporting"/>
  </concept>
  <concept>
    <code value="1.5.1"/>
    <display value="Reporting of health system feedback by clients"/>
  </concept>
  <concept>
    <code value="1.5.2"/>
    <display value="Reporting of public health events by clients"/>
  </concept>
  <concept>
    <code value="1.6"/>
    <display value="On‐demand information services to clients"/>
  </concept>
  <concept>
    <code value="1.6.1"/>
    <display value="Client look‐up of health information"/>
  </concept>
  <concept>
    <code value="1.7"/>
    <display value="Client financial transactions"/>
  </concept>
  <concept>
    <code value="1.7.1"/>
    <display value="Transmit or manage out‐of‐pocket payments by client(s)"/>
  </concept>
  <concept>
    <code value="1.7.2"/>
    <display value="Transmit or manage vouchers to client(s) for health services"/>
  </concept>
  <concept>
    <code value="1.7.3"/>
    <display value="Transmit or manage incentives to client(s) for health services"/>
  </concept>
  <concept>
    <code value="2.0"/>
    <display value="Health workers"/>
  </concept>
  <concept>
    <code value="2.1"/>
    <display value="Client identification and registration"/>
  </concept>
  <concept>
    <code value="2.1.1"/>
    <display value="Verify client unique identity"/>
  </concept>
  <concept>
    <code value="2.1.2"/>
    <display value="Enrol client for health services/clinical care plan"/>
  </concept>
  <concept>
    <code value="2.2"/>
    <display value="Client health records"/>
  </concept>
  <concept>
    <code value="2.2.1"/>
    <display value="Longitudinal tracking of clients’ health status and services"/>
  </concept>
  <concept>
    <code value="2.2.2"/>
    <display value="Manage client’s structured clinical records"/>
  </concept>
  <concept>
    <code value="2.2.3"/>
    <display value="Manage client’s unstructured clinical records"/>
  </concept>
  <concept>
    <code value="2.2.4"/>
    <display value="Routine health indicator data collection and management"/>
  </concept>
  <concept>
    <code value="2.3"/>
    <display value="Health worker decision support"/>
  </concept>
  <concept>
    <code value="2.3.1"/>
    <display value="Provide prompts and alerts based according to protocol"/>
  </concept>
  <concept>
    <code value="2.3.2"/>
    <display value="Provide checklist according to protocol"/>
  </concept>
  <concept>
    <code value="2.3.3"/>
    <display value="Screen clients by risk or other health status"/>
  </concept>
  <concept>
    <code value="2.4"/>
    <display value="Telemedicine"/>
  </concept>
  <concept>
    <code value="2.4.1"/>
    <display value="Consultations between remote client and health worker"/>
  </concept>
  <concept>
    <code value="2.4.2"/>
    <display value="Remote monitoring of client health or diagnostic data by provider"/>
  </concept>
  <concept>
    <code value="2.4.3"/>
    <display value="Transmission of medical data to health worker"/>
  </concept>
  <concept>
    <code value="2.4.4"/>
    <display value="Consultations for case management between health worker(s)"/>
  </concept>
  <concept>
    <code value="2.5"/>
    <display value="Health worker communication"/>
  </concept>
  <concept>
    <code value="2.5.1"/>
    <display value="Communication from health worker(s) to supervisor"/>
  </concept>
  <concept>
    <code value="2.5.2"/>
    <display value="Communication and performance feedback to health worker(s)"/>
  </concept>
  <concept>
    <code value="2.5.3"/>
    <display value="Transmit routine news and workflow notifications to health worker(s)"/>
  </concept>
  <concept>
    <code value="2.5.4"/>
    <display value="Transmit non‐routine health event alerts to health worker(s)"/>
  </concept>
  <concept>
    <code value="2.5.5"/>
    <display value="Peer group for health workers"/>
  </concept>
  <concept>
    <code value="2.6"/>
    <display value="Referral co‐ordination"/>
  </concept>
  <concept>
    <code value="2.6.1"/>
    <display value="Coordinate emergency response and transport"/>
  </concept>
  <concept>
    <code value="2.6.2"/>
    <display value="Manage referrals between points of service within health sector"/>
  </concept>
  <concept>
    <code value="2.6.3"/>
    <display value="Manage referrals between health and other sectors"/>
  </concept>
  <concept>
    <code value="2.7"/>
    <display value="Health worker activity planning and scheduling"/>
  </concept>
  <concept>
    <code value="2.7.1"/>
    <display value="Identify client(s) in need of services"/>
  </concept>
  <concept>
    <code value="2.7.2"/>
    <display value="Schedule health worker's activities"/>
  </concept>
  <concept>
    <code value="2.8"/>
    <display value="Health worker training"/>
  </concept>
  <concept>
    <code value="2.8.1"/>
    <display value="Provide training content to health worker(s)"/>
  </concept>
  <concept>
    <code value="2.8.2"/>
    <display value="Assess capacity of health worker(s)"/>
  </concept>
  <concept>
    <code value="2.9"/>
    <display value="Prescription and medication management"/>
  </concept>
  <concept>
    <code value="2.9.1"/>
    <display value="Transmit or track prescription orders"/>
  </concept>
  <concept>
    <code value="2.9.2"/>
    <display value="Track client's medication consumption"/>
  </concept>
  <concept>
    <code value="2.9.3"/>
    <display value="Report adverse drug events"/>
  </concept>
  <concept>
    <code value="2.10"/>
    <display value="Laboratory and Diagnostics Imaging Management"/>
  </concept>
  <concept>
    <code value="2.10.1"/>
    <display value="Transmit diagnostic result to health worker"/>
  </concept>
  <concept>
    <code value="2.10.2"/>
    <display value="Transmit and track diagnostic orders"/>
  </concept>
  <concept>
    <code value="2.10.3"/>
    <display value="Capture diagnostic results from digital devices"/>
  </concept>
  <concept>
    <code value="2.10.4"/>
    <display value="Track biological specimens"/>
  </concept>
  <concept>
    <code value="3.0"/>
    <display value="Health system managers"/>
  </concept>
  <concept>
    <code value="3.1"/>
    <display value="Human resource management"/>
  </concept>
  <concept>
    <code value="3.1.1"/>
    <display value="List health workforce cadres and related identification information"/>
  </concept>
  <concept>
    <code value="3.1.2"/>
    <display value="Monitor performance of health worker(s)"/>
  </concept>
  <concept>
    <code value="3.1.3"/>
    <display value="Manage certification/registration of health worker(s)"/>
  </concept>
  <concept>
    <code value="3.1.4"/>
    <display value="Record training credentials of health worker(s)"/>
  </concept>
  <concept>
    <code value="3.2"/>
    <display value="Supply chain management"/>
  </concept>
  <concept>
    <code value="3.2.1"/>
    <display value="Manage inventory and distribution of health commodities"/>
  </concept>
  <concept>
    <code value="3.2.2"/>
    <display value="Notify stock levels of health commodities"/>
  </concept>
  <concept>
    <code value="3.2.3"/>
    <display value="Monitor cold‐chain sensitive commodities"/>
  </concept>
  <concept>
    <code value="3.2.4"/>
    <display value="Register licensed drugs and health commodities"/>
  </concept>
  <concept>
    <code value="3.2.5"/>
    <display value="Manage procurement of commodities"/>
  </concept>
  <concept>
    <code value="3.2.6"/>
    <display value="Report counterfeit or substandard drugs by clients"/>
  </concept>
  <concept>
    <code value="3.3"/>
    <display value="Public health event notification"/>
  </concept>
  <concept>
    <code value="3.3.1"/>
    <display value="Notification of public health events from point of diagnosis"/>
  </concept>
  <concept>
    <code value="3.4"/>
    <display value="Civil Registration and Vital Statistics"/>
  </concept>
  <concept>
    <code value="3.4.1"/>
    <display value="Notify birth event"/>
  </concept>
  <concept>
    <code value="3.4.2"/>
    <display value="Register birth event"/>
  </concept>
  <concept>
    <code value="3.4.3"/>
    <display value="Certify birth event"/>
  </concept>
  <concept>
    <code value="3.4.4"/>
    <display value="Notify death event"/>
  </concept>
  <concept>
    <code value="3.4.5"/>
    <display value="Register death event"/>
  </concept>
  <concept>
    <code value="3.4.6"/>
    <display value="Certify death event"/>
  </concept>
  <concept>
    <code value="3.5"/>
    <display value="Health financing"/>
  </concept>
  <concept>
    <code value="3.5.1"/>
    <display value="Register and verify client insurance membership"/>
  </concept>
  <concept>
    <code value="3.5.2"/>
    <display value="Track insurance billing and claims submission"/>
  </concept>
  <concept>
    <code value="3.5.3"/>
    <display value="Track and manage insurance reimbursement"/>
  </concept>
  <concept>
    <code value="3.5.4"/>
    <display value="Transmit routine payroll payment to health worker(s)"/>
  </concept>
  <concept>
    <code value="3.5.5"/>
    <display value="Transmit or manage incentives to health worker(s)"/>
  </concept>
  <concept>
    <code value="3.5.6"/>
    <display value="Manage budget and expenditures"/>
  </concept>
  <concept>
    <code value="3.6"/>
    <display value="Equipment and asset management"/>
  </concept>
  <concept>
    <code value="3.6.1"/>
    <display value="Monitor status of health equipment"/>
  </concept>
  <concept>
    <code value="3.6.2"/>
    <display value="Track regulation and licensing of medical equipment"/>
  </concept>
  <concept>
    <code value="3.7"/>
    <display value="Facility management"/>
  </concept>
  <concept>
    <code value="3.7.1"/>
    <display value="List health facilities and related information"/>
  </concept>
  <concept>
    <code value="3.7.2"/>
    <display value="Assess health facilities"/>
  </concept>
  <concept>
    <code value="4.0"/>
    <display value="Data services"/>
  </concept>
  <concept>
    <code value="4.1"/>
    <display value="Data collection, management, and use"/>
  </concept>
  <concept>
    <code value="4.1.1"/>
    <display value="Non‐routine data collection and management"/>
  </concept>
  <concept>
    <code value="4.1.2"/>
    <display value="Data storage and aggregation"/>
  </concept>
  <concept>
    <code value="4.1.3"/>
    <display value="Data synthesis and visualisation"/>
  </concept>
  <concept>
    <code value="4.1.4"/>
    <display value="Automated analysis of data to generate new information or predictions on future events"/>
  </concept>
  <concept>
    <code value="4.2"/>
    <display value="Data coding"/>
  </concept>
  <concept>
    <code value="4.2.1"/>
    <display value="Parse unstructured data into structured data"/>
  </concept>
  <concept>
    <code value="4.2.2"/>
    <display value="Merge, de‐duplicate, and curate coded datasets or terminologies"/>
  </concept>
  <concept>
    <code value="4.2.3"/>
    <display value="Classify disease codes or cause of mortality"/>
  </concept>
  <concept>
    <code value="4.3"/>
    <display value="Location mapping"/>
  </concept>
  <concept>
    <code value="4.3.1"/>
    <display value="Map location of health facilities/structures"/>
  </concept>
  <concept>
    <code value="4.3.2"/>
    <display value="Map location of health events"/>
  </concept>
  <concept>
    <code value="4.3.3"/>
    <display value="Map location of clients and households"/>
  </concept>
  <concept>
    <code value="4.3.4"/>
    <display value="Map location of health worker"/>
  </concept>
  <concept>
    <code value="4.4"/>
    <display value="Data exchange and interoperability"/>
  </concept>
  <concept>
    <code value="4.4.1"/>
    <display value="Data exchange across systems"/>
  </concept>
</CodeSystem>