"Id","Path","Slice Name","Alias(s)","Label","Min","Max","Must Support?","Is Modifier?","Is Summary?","Type(s)","Short","Definition","Comments","Requirements","Default Value","Meaning When Missing","Fixed Value","Pattern","Example","Minimum Value","Maximum Value","Maximum Length","Binding Strength","Binding Description","Binding Value Set","Code","Slicing Discriminator","Slicing Description","Slicing Ordered","Slicing Rules","Base Path","Base Min","Base Max","Condition(s)","Constraint(s)","Mapping: RIM Mapping","Mapping: Workflow Pattern","Mapping: FiveWs Pattern Mapping","Mapping: Object Implementation Information"
"StructureMap","StructureMap","","Template
Profile","",0,*,"","","","null {[]} {[]}
","A Map of relationships between 2 structures that can be used to transform data","A Map of relationships between 2 structures that can be used to transform data.","","","","","","","","","",,,,,"",,,,"StructureMap",0,*,"","dom-2:If the resource is contained in another resource, it SHALL NOT contain nested Resources {contained.contained.empty()}
dom-3:If the resource is contained in another resource, it SHALL be referred to from elsewhere in the resource or SHALL refer to the containing resource {contained.where((('#'+id in (%resource.descendants().reference | %resource.descendants().as(canonical) | %resource.descendants().as(uri) | %resource.descendants().as(url))) or descendants().where(reference = '#').exists() or descendants().where(as(canonical) = '#').exists() or descendants().where(as(canonical) = '#').exists()).not()).trace('unmatched', id).empty()}dom-4:If a resource is contained in another resource, it SHALL NOT have a meta.versionId or a meta.lastUpdated {contained.meta.versionId.empty() and contained.meta.lastUpdated.empty()}dom-5:If a resource is contained in another resource, it SHALL NOT have a security label {contained.meta.security.empty()}dom-6:A resource should have narrative for robust management {text.`div`.exists()}smp-0:Name should be usable as an identifier for the module by machine processing applications such as code generation {name.matches('[A-Z]([A-Za-z0-9_]){0,254}')}","Entity. Role, or Act","n/a"
"StructureMap.id","StructureMap.id","","","",0,1,"","","Y","id {[]} {[]}
","Logical id of this artifact","The logical id of the resource, as used in the URL for the resource. Once assigned, this value never changes.","The only time that a resource does not have an id is when it is being submitted to the server using a create operation.","","","","","","","","",,,,,"",,,,"Resource.id",0,1,"",""
"StructureMap.meta","StructureMap.meta","","","",0,1,"","","Y","Meta {[]} {[]}
","Metadata about the resource","The metadata about the resource. This is content that is maintained by the infrastructure. Changes to the content might not always be associated with version changes to the resource.","","","","","","","","","",,,,,"",,,,"Resource.meta",0,1,"","ele-1:All FHIR elements must have a @value or children {hasValue() or (children().count() > id.count())}
"
"StructureMap.implicitRules","StructureMap.implicitRules","","","",0,1,"","Y","Y","uri {[]} {[]}
","A set of rules under which this content was created","A reference to a set of rules that were followed when the resource was constructed, and which must be understood when processing the content. Often, this is a reference to an implementation guide that defines the special rules along with other profiles etc.","Asserting this rule set restricts the content to be only understood by a limited set of trading partners. This inherently limits the usefulness of the data in the long term. However, the existing health eco-system is highly fractured, and not yet ready to define, collect, and exchange data in a generally computable sense. Wherever possible, implementers and/or specification writers should avoid using this element. Often, when used, the URL is a reference to an implementation guide that defines these special rules as part of it's narrative along with other profiles, value sets, etc.","","","","","","","","",,,,,"",,,,"Resource.implicitRules",0,1,"","ele-1:All FHIR elements must have a @value or children {hasValue() or (children().count() > id.count())}
"
"StructureMap.language","StructureMap.language","","","",0,1,"","","","code {[]} {[]}
","Language of the resource content","The base language in which the resource is written.","Language is provided to support indexing and accessibility (typically, services such as text to speech use the language tag). The html language tag in the narrative applies  to the narrative. The language tag on the resource may be used to specify the language of other presentations generated from the data in the resource. Not all the content has to be in the base language. The Resource.language should not be assumed to apply to the narrative automatically. If a language is specified, it should it also be specified on the div element in the html (see rules in HTML5 for information about the relationship between xml:lang and the html lang attribute).","","","","","","","","",,"preferred","A human language.","http://hl7.org/fhir/ValueSet/languages|4.0.1","",,,,"Resource.language",0,1,"","ele-1:All FHIR elements must have a @value or children {hasValue() or (children().count() > id.count())}
"
"StructureMap.text","StructureMap.text","","narrative
htmlxhtmldisplay","",0,1,"","","","Narrative {[]} {[]}
","Text summary of the resource, for human interpretation","A human-readable narrative that contains a summary of the resource and can be used to represent the content of the resource to a human. The narrative need not encode all the structured data, but is required to contain sufficient detail to make it ""clinically safe"" for a human to just read the narrative. Resource definitions may define what content should be represented in the narrative to ensure clinical safety.","Contained resources do not have narrative. Resources that are not contained SHOULD have a narrative. In some cases, a resource may only have text with little or no additional discrete data (as long as all minOccurs=1 elements are satisfied).  This may be necessary for data from legacy systems where information is captured as a ""text blob"" or where text is additionally entered raw or narrated and encoded information is added later.","","","","","","","","",,,,,"",,,,"DomainResource.text",0,1,"","ele-1:All FHIR elements must have a @value or children {hasValue() or (children().count() > id.count())}
","Act.text?"
"StructureMap.contained","StructureMap.contained","","inline resources
anonymous resourcescontained resources","",0,*,"","","","Resource {[]} {[]}
","Contained, inline Resources","These resources do not have an independent existence apart from the resource that contains them - they cannot be identified independently, and nor can they have their own independent transaction scope.","This should never be done when the content can be identified properly, as once identification is lost, it is extremely difficult (and context dependent) to restore it again. Contained resources may have profiles and tags In their meta elements, but SHALL NOT have security labels.","","","","","","","","",,,,,"",,,,"DomainResource.contained",0,*,"","","N/A"
"StructureMap.extension","StructureMap.extension","","extensions
user content","",0,*,"","","","Extension {[]} {[]}
","Additional content defined by implementations","May be used to represent additional information that is not part of the basic definition of the resource. To make the use of extensions safe and manageable, there is a strict set of governance  applied to the definition and use of extensions. Though any implementer can define an extension, there is a set of requirements that SHALL be met as part of the definition of the extension.","There can be no stigma associated with the use of extensions by any application, project, or standard - regardless of the institution or jurisdiction that uses or defines the extensions.  The use of extensions is what allows the FHIR specification to retain a core level of simplicity for everyone.","","","","","","","","",,,,,"",,,,"DomainResource.extension",0,*,"","ele-1:All FHIR elements must have a @value or children {hasValue() or (children().count() > id.count())}
ext-1:Must have either extensions or value[x], not both {extension.exists() != value.exists()}","N/A"
"StructureMap.modifierExtension","StructureMap.modifierExtension","","extensions
user content","",0,*,"","Y","","Extension {[]} {[]}
","Extensions that cannot be ignored","May be used to represent additional information that is not part of the basic definition of the resource and that modifies the understanding of the element that contains it and/or the understanding of the containing element's descendants. Usually modifier elements provide negation or qualification. To make the use of extensions safe and manageable, there is a strict set of governance applied to the definition and use of extensions. Though any implementer is allowed to define an extension, there is a set of requirements that SHALL be met as part of the definition of the extension. Applications processing a resource are required to check for modifier extensions.

Modifier extensions SHALL NOT change the meaning of any elements on Resource or DomainResource (including cannot change the meaning of modifierExtension itself).","There can be no stigma associated with the use of extensions by any application, project, or standard - regardless of the institution or jurisdiction that uses or defines the extensions.  The use of extensions is what allows the FHIR specification to retain a core level of simplicity for everyone.","Modifier extensions allow for extensions that *cannot* be safely ignored to be clearly distinguished from the vast majority of extensions which can be safely ignored.  This promotes interoperability by eliminating the need for implementers to prohibit the presence of extensions. For further information, see the [definition of modifier extensions](http://hl7.org/fhir/R4/extensibility.html#modifierExtension).","","","","","","","",,,,,"",,,,"DomainResource.modifierExtension",0,*,"","ele-1:All FHIR elements must have a @value or children {hasValue() or (children().count() > id.count())}
ext-1:Must have either extensions or value[x], not both {extension.exists() != value.exists()}","N/A"
"StructureMap.url","StructureMap.url","","url
authoritative-urldestinationidentity","",1,1,"","","Y","uri {[]} {[]}
","Canonical identifier for this structure map, represented as a URI (globally unique)","An absolute URI that is used to identify this structure map when it is referenced in a specification, model, design or an instance; also called its canonical identifier. This SHOULD be globally unique and SHOULD be a literal address at which at which an authoritative instance of this structure map is (or will be) published. This URL can be the target of a canonical reference. It SHALL remain the same when the structure map is stored on different servers.","Can be a urn:uuid: or a urn:oid: but real http: addresses are preferred.  Multiple instances may share the same URL if they have a distinct version.

The determination of when to create a new version of a resource (same url, new version) vs. defining a new artifact is up to the author.  Considerations for making this decision are found in [Technical and Business Versions](http://hl7.org/fhir/R4/resource.html#versions). 

In some cases, the resource can no longer be found at the stated url, but the url itself cannot change. Implementations can use the [meta.source](http://hl7.org/fhir/R4/resource.html#meta) element to indicate where the current master source of the resource can be found.","Allows the structure map to be referenced by a single globally unique identifier.","","","","","","","",,,,,"",,,,"StructureMap.url",1,1,"","ele-1:All FHIR elements must have a @value or children {hasValue() or (children().count() > id.count())}
","Definition.url","FiveWs.identifier"
"StructureMap.identifier","StructureMap.identifier","","","",0,*,"","","Y","Identifier {[]} {[]}
","Additional identifier for the structure map","A formal identifier that is used to identify this structure map when it is represented in other formats, or referenced in a specification, model, design or an instance.","Typically, this is used for identifiers that can go in an HL7 V3 II (instance identifier) data type, and can then identify this structure map outside of FHIR, where it is not possible to use the logical URI.","Allows externally provided and/or usable business identifiers to be easily associated with the module.","","","","","","","",,,,,"",,,,"StructureMap.identifier",0,*,"","ele-1:All FHIR elements must have a @value or children {hasValue() or (children().count() > id.count())}
","Definition.identifier","FiveWs.identifier","no-gen-base"
"StructureMap.version","StructureMap.version","","","",1,1,"","","Y","string {[]} {[]}
","Business version of the structure map","The identifier that is used to identify this version of the structure map when it is referenced in a specification, model, design or instance. This is an arbitrary value managed by the structure map author and is not expected to be globally unique. For example, it might be a timestamp (e.g. yyyymmdd) if a managed version is not available. There is also no expectation that versions can be placed in a lexicographical sequence.","There may be different structure map instances that have the same identifier but different versions.  The version can be appended to the url in a reference to allow a reference to a particular business version of the structure map with the format [url]|[version].","","","","","","","","",,,,,"",,,,"StructureMap.version",0,1,"","ele-1:All FHIR elements must have a @value or children {hasValue() or (children().count() > id.count())}
","Definition.version","FiveWs.version"
"StructureMap.name","StructureMap.name","","","",1,1,"","","Y","string {[]} {[]}
","Name for this structure map (computer friendly)","A natural language name identifying the structure map. This name should be usable as an identifier for the module by machine processing applications such as code generation.","The name is not expected to be globally unique. The name should be a simple alphanumeric type name to ensure that it is machine-processing friendly.","Support human navigation and code generation.","","","","","","","",,,,,"",,,,"StructureMap.name",1,1,"inv-0
","ele-1:All FHIR elements must have a @value or children {hasValue() or (children().count() > id.count())}
"
"StructureMap.title","StructureMap.title","","","",1,1,"","","Y","string {[]} {[]}
","Name for this structure map (human friendly)","A short, descriptive, user-friendly title for the structure map.","This name does not need to be machine-processing friendly and may contain punctuation, white-space, etc.","","","","","","","","",,,,,"",,,,"StructureMap.title",0,1,"","ele-1:All FHIR elements must have a @value or children {hasValue() or (children().count() > id.count())}
","Definition.title"
"StructureMap.status","StructureMap.status","","","",1,1,"","Y","Y","code {[]} {[]}
","draft | active | retired | unknown","The status of this structure map. Enables tracking the life-cycle of the content.","Allows filtering of structure maps that are appropriate for use versus not.","","","","","","","","",,"required","The lifecycle status of an artifact.","http://hl7.org/fhir/ValueSet/publication-status|4.0.1","",,,,"StructureMap.status",1,1,"","ele-1:All FHIR elements must have a @value or children {hasValue() or (children().count() > id.count())}
","Definition.status","FiveWs.status"
"StructureMap.experimental","StructureMap.experimental","","","",0,1,"","","Y","boolean {[]} {[]}
","For testing purposes, not real usage","A Boolean value to indicate that this structure map is authored for testing purposes (or education/evaluation/marketing) and is not intended to be used for genuine usage.","Allows filtering of structure maps that are appropriate for use versus not.","Enables experimental content to be developed following the same lifecycle that would be used for a production-level structure map.","","","","","","","",,,,,"",,,,"StructureMap.experimental",0,1,"","ele-1:All FHIR elements must have a @value or children {hasValue() or (children().count() > id.count())}
","Definition.experimental","FiveWs.class"
"StructureMap.date","StructureMap.date","","Revision Date
","",0,1,"","","Y","dateTime {[]} {[]}
","Date last changed","The date  (and optionally time) when the structure map was published. The date must change when the business version changes and it must change if the status code changes. In addition, it should change when the substantive content of the structure map changes.","Note that this is not the same as the resource last-modified-date, since the resource may be a secondary representation of the structure map. Additional specific dates may be added as extensions or be found by consulting Provenances associated with past versions of the resource.","","","","","","","","",,,,,"",,,,"StructureMap.date",0,1,"","ele-1:All FHIR elements must have a @value or children {hasValue() or (children().count() > id.count())}
","Definition.date","FiveWs.recorded"
"StructureMap.publisher","StructureMap.publisher","","","",1,1,"","","Y","string {[]} {[]}
","Name of the publisher (organization or individual)","The name of the organization or individual that published the structure map.","Usually an organization but may be an individual. The publisher (or steward) of the structure map is the organization or individual primarily responsible for the maintenance and upkeep of the structure map. This is not necessarily the same individual or organization that developed and initially authored the content. The publisher is the primary point of contact for questions or issues with the structure map. This item SHOULD be populated unless the information is available from context.","Helps establish the ""authority/credibility"" of the structure map.  May also allow for contact.","","","","","","","",,,,,"",,,,"StructureMap.publisher",0,1,"","ele-1:All FHIR elements must have a @value or children {hasValue() or (children().count() > id.count())}
","Definition.publisher","FiveWs.witness"
"StructureMap.contact","StructureMap.contact","","","",0,*,"","","Y","ContactDetail {[]} {[]}
","Contact details for the publisher","Contact details to assist a user in finding and communicating with the publisher.","May be a web site, an email address, a telephone number, etc.","","","","","","","","",,,,,"",,,,"StructureMap.contact",0,*,"","ele-1:All FHIR elements must have a @value or children {hasValue() or (children().count() > id.count())}
","Definition.contact"
"StructureMap.description","StructureMap.description","","","",1,1,"","","","markdown {[]} {[]}
","Natural language description of the structure map","A free text natural language description of the structure map from a consumer's perspective.","This description can be used to capture details such as why the structure map was built, comments about misuse, instructions for clinical use and interpretation, literature references, examples from the paper world, etc. It is not a rendering of the structure map as conveyed in the 'text' field of the resource itself. This item SHOULD be populated unless the information is available from context (e.g. the language of the structure map is presumed to be the predominant language in the place the structure map was created).","","","","","","","","",,,,,"",,,,"StructureMap.description",0,1,"","ele-1:All FHIR elements must have a @value or children {hasValue() or (children().count() > id.count())}
","Definition.description"
"StructureMap.useContext","StructureMap.useContext","","","",0,*,"","","Y","UsageContext {[]} {[]}
","The context that the content is intended to support","The content was developed with a focus and intent of supporting the contexts that are listed. These contexts may be general categories (gender, age, ...) or may be references to specific programs (insurance plans, studies, ...) and may be used to assist with indexing and searching for appropriate structure map instances.","When multiple useContexts are specified, there is no expectation that all or any of the contexts apply.","Assist in searching for appropriate content.","","","","","","","",,,,,"",,,,"StructureMap.useContext",0,*,"","ele-1:All FHIR elements must have a @value or children {hasValue() or (children().count() > id.count())}
","Definition.useContext"
"StructureMap.jurisdiction","StructureMap.jurisdiction","","","",0,*,"","","Y","CodeableConcept {[]} {[]}
","Intended jurisdiction for structure map (if applicable)","A legal or geographic region in which the structure map is intended to be used.","It may be possible for the structure map to be used in jurisdictions other than those for which it was originally designed or intended.","","","","","","","","",,"extensible","Countries and regions within which this artifact is targeted for use.","http://hl7.org/fhir/ValueSet/jurisdiction|4.0.1","",,,,"StructureMap.jurisdiction",0,*,"","ele-1:All FHIR elements must have a @value or children {hasValue() or (children().count() > id.count())}
","Definition.jurisdiction"
"StructureMap.purpose","StructureMap.purpose","","","",0,1,"","","","markdown {[]} {[]}
","Why this structure map is defined","Explanation of why this structure map is needed and why it has been designed as it has.","This element does not describe the usage of the structure map. Instead, it provides traceability of ''why'' the resource is either needed or ''why'' it is defined as it is.  This may be used to point to source materials or specifications that drove the structure of this structure map.","","","","","","","","",,,,,"",,,,"StructureMap.purpose",0,1,"","ele-1:All FHIR elements must have a @value or children {hasValue() or (children().count() > id.count())}
","Definition.purpose","FiveWs.why[x]","no-gen-base"
"StructureMap.copyright","StructureMap.copyright","","License
Restrictions","",0,1,"","","","markdown {[]} {[]}
","Use and/or publishing restrictions","A copyright statement relating to the structure map and/or its contents. Copyright statements are generally legal restrictions on the use and publishing of the structure map.","","Consumers must be able to determine any legal restrictions on the use of the structure map and/or its content.","","","","","","","",,,,,"",,,,"StructureMap.copyright",0,1,"","ele-1:All FHIR elements must have a @value or children {hasValue() or (children().count() > id.count())}
","Definition.copyright","no-gen-base"
"StructureMap.structure","StructureMap.structure","","","",0,*,"","","Y","BackboneElement {[]} {[]}
","Structure Definition used by this map","A structure definition used by this map. The structure definition may describe instances that are converted, or the instances that are produced.","It is not necessary for a structure map to identify any dependent structures, though not listing them may restrict its usefulness.","","","","","","","","",,,,,"",,,,"StructureMap.structure",0,*,"","ele-1:All FHIR elements must have a @value or children {hasValue() or (children().count() > id.count())}
"
"StructureMap.structure.id","StructureMap.structure.id","","","",0,1,"","","","string {[]} {[]}
","Unique id for inter-element referencing","Unique id for the element within a resource (for internal references). This may be any string value that does not contain spaces.","","","","","","","","","",,,,,"",,,,"Element.id",0,1,"","","n/a"
"StructureMap.structure.extension","StructureMap.structure.extension","","extensions
user content","",0,*,"","","","Extension {[]} {[]}
","Additional content defined by implementations","May be used to represent additional information that is not part of the basic definition of the element. To make the use of extensions safe and manageable, there is a strict set of governance  applied to the definition and use of extensions. Though any implementer can define an extension, there is a set of requirements that SHALL be met as part of the definition of the extension.","There can be no stigma associated with the use of extensions by any application, project, or standard - regardless of the institution or jurisdiction that uses or defines the extensions.  The use of extensions is what allows the FHIR specification to retain a core level of simplicity for everyone.","","","","","","","","",,,,,"",,,,"Element.extension",0,*,"","ele-1:All FHIR elements must have a @value or children {hasValue() or (children().count() > id.count())}
ext-1:Must have either extensions or value[x], not both {extension.exists() != value.exists()}","n/a"
"StructureMap.structure.modifierExtension","StructureMap.structure.modifierExtension","","extensions
user contentmodifiers","",0,*,"","Y","Y","Extension {[]} {[]}
","Extensions that cannot be ignored even if unrecognized","May be used to represent additional information that is not part of the basic definition of the element and that modifies the understanding of the element in which it is contained and/or the understanding of the containing element's descendants. Usually modifier elements provide negation or qualification. To make the use of extensions safe and manageable, there is a strict set of governance applied to the definition and use of extensions. Though any implementer can define an extension, there is a set of requirements that SHALL be met as part of the definition of the extension. Applications processing a resource are required to check for modifier extensions.

Modifier extensions SHALL NOT change the meaning of any elements on Resource or DomainResource (including cannot change the meaning of modifierExtension itself).","There can be no stigma associated with the use of extensions by any application, project, or standard - regardless of the institution or jurisdiction that uses or defines the extensions.  The use of extensions is what allows the FHIR specification to retain a core level of simplicity for everyone.","Modifier extensions allow for extensions that *cannot* be safely ignored to be clearly distinguished from the vast majority of extensions which can be safely ignored.  This promotes interoperability by eliminating the need for implementers to prohibit the presence of extensions. For further information, see the [definition of modifier extensions](http://hl7.org/fhir/R4/extensibility.html#modifierExtension).","","","","","","","",,,,,"",,,,"BackboneElement.modifierExtension",0,*,"","ele-1:All FHIR elements must have a @value or children {hasValue() or (children().count() > id.count())}
ext-1:Must have either extensions or value[x], not both {extension.exists() != value.exists()}","N/A"
"StructureMap.structure.url","StructureMap.structure.url","","","",1,1,"","","Y","canonical {[]} {[CanonicalType[http://hl7.org/fhir/StructureDefinition/StructureDefinition|4.0.1]]}
","Canonical reference to structure definition","The canonical reference to the structure.","","","","","","","","","",,,,,"",,,,"StructureMap.structure.url",1,1,"","ele-1:All FHIR elements must have a @value or children {hasValue() or (children().count() > id.count())}
"
"StructureMap.structure.mode","StructureMap.structure.mode","","","",1,1,"","","Y","code {[]} {[]}
","source | queried | target | produced","How the referenced structure is used in this mapping.","","","","","","","","","",,"required","How the referenced structure is used in this mapping.","http://hl7.org/fhir/ValueSet/map-model-mode|4.0.1","",,,,"StructureMap.structure.mode",1,1,"","ele-1:All FHIR elements must have a @value or children {hasValue() or (children().count() > id.count())}
"
"StructureMap.structure.alias","StructureMap.structure.alias","","","",0,1,"","","Y","string {[]} {[]}
","Name for type in this map","The name used for this type in the map.","This is needed if both types have the same name (e.g. version conversion).","","","","","","","","",,,,,"",,,,"StructureMap.structure.alias",0,1,"","ele-1:All FHIR elements must have a @value or children {hasValue() or (children().count() > id.count())}
"
"StructureMap.structure.documentation","StructureMap.structure.documentation","","","",0,1,"","","","string {[]} {[]}
","Documentation on use of structure","Documentation that describes how the structure is used in the mapping.","","","","","","","","","",,,,,"",,,,"StructureMap.structure.documentation",0,1,"","ele-1:All FHIR elements must have a @value or children {hasValue() or (children().count() > id.count())}
"
"StructureMap.import","StructureMap.import","","","",0,*,"","","Y","canonical {[]} {[CanonicalType[http://hl7.org/fhir/StructureDefinition/StructureMap|4.0.1]]}
","Other maps used by this map (canonical URLs)","Other maps used by this map (canonical URLs).","","","","","","","","","",,,,,"",,,,"StructureMap.import",0,*,"","ele-1:All FHIR elements must have a @value or children {hasValue() or (children().count() > id.count())}
"
"StructureMap.group","StructureMap.group","","","",1,*,"","","Y","BackboneElement {[]} {[]}
","Named sections for reader convenience","Organizes the mapping into manageable chunks for human review/ease of maintenance.","","","","","","","","","",,,,,"",,,,"StructureMap.group",1,*,"","ele-1:All FHIR elements must have a @value or children {hasValue() or (children().count() > id.count())}
"
"StructureMap.group.id","StructureMap.group.id","","","",0,1,"","","","string {[]} {[]}
","Unique id for inter-element referencing","Unique id for the element within a resource (for internal references). This may be any string value that does not contain spaces.","","","","","","","","","",,,,,"",,,,"Element.id",0,1,"","","n/a"
"StructureMap.group.extension","StructureMap.group.extension","","extensions
user content","",0,*,"","","","Extension {[]} {[]}
","Additional content defined by implementations","May be used to represent additional information that is not part of the basic definition of the element. To make the use of extensions safe and manageable, there is a strict set of governance  applied to the definition and use of extensions. Though any implementer can define an extension, there is a set of requirements that SHALL be met as part of the definition of the extension.","There can be no stigma associated with the use of extensions by any application, project, or standard - regardless of the institution or jurisdiction that uses or defines the extensions.  The use of extensions is what allows the FHIR specification to retain a core level of simplicity for everyone.","","","","","","","","",,,,,"",,,,"Element.extension",0,*,"","ele-1:All FHIR elements must have a @value or children {hasValue() or (children().count() > id.count())}
ext-1:Must have either extensions or value[x], not both {extension.exists() != value.exists()}","n/a"
"StructureMap.group.modifierExtension","StructureMap.group.modifierExtension","","extensions
user contentmodifiers","",0,*,"","Y","Y","Extension {[]} {[]}
","Extensions that cannot be ignored even if unrecognized","May be used to represent additional information that is not part of the basic definition of the element and that modifies the understanding of the element in which it is contained and/or the understanding of the containing element's descendants. Usually modifier elements provide negation or qualification. To make the use of extensions safe and manageable, there is a strict set of governance applied to the definition and use of extensions. Though any implementer can define an extension, there is a set of requirements that SHALL be met as part of the definition of the extension. Applications processing a resource are required to check for modifier extensions.

Modifier extensions SHALL NOT change the meaning of any elements on Resource or DomainResource (including cannot change the meaning of modifierExtension itself).","There can be no stigma associated with the use of extensions by any application, project, or standard - regardless of the institution or jurisdiction that uses or defines the extensions.  The use of extensions is what allows the FHIR specification to retain a core level of simplicity for everyone.","Modifier extensions allow for extensions that *cannot* be safely ignored to be clearly distinguished from the vast majority of extensions which can be safely ignored.  This promotes interoperability by eliminating the need for implementers to prohibit the presence of extensions. For further information, see the [definition of modifier extensions](http://hl7.org/fhir/R4/extensibility.html#modifierExtension).","","","","","","","",,,,,"",,,,"BackboneElement.modifierExtension",0,*,"","ele-1:All FHIR elements must have a @value or children {hasValue() or (children().count() > id.count())}
ext-1:Must have either extensions or value[x], not both {extension.exists() != value.exists()}","N/A"
"StructureMap.group.name","StructureMap.group.name","","","",1,1,"","","Y","id {[]} {[]}
","Human-readable label","A unique name for the group for the convenience of human readers.","","","","","","","","","",,,,,"",,,,"StructureMap.group.name",1,1,"","ele-1:All FHIR elements must have a @value or children {hasValue() or (children().count() > id.count())}
"
"StructureMap.group.extends","StructureMap.group.extends","","","",0,1,"","","Y","id {[]} {[]}
","Another group that this group adds rules to","Another group that this group adds rules to.","","","","","","","","","",,,,,"",,,,"StructureMap.group.extends",0,1,"","ele-1:All FHIR elements must have a @value or children {hasValue() or (children().count() > id.count())}
"
"StructureMap.group.typeMode","StructureMap.group.typeMode","","","",1,1,"","","Y","code {[]} {[]}
","none | types | type-and-types","If this is the default rule set to apply for the source type or this combination of types.","Not applicable if the underlying model is untyped. There can only be one default mapping for any particular type combination.","","","","","","","","",,"required","If this is the default rule set to apply for the source type, or this combination of types.","http://hl7.org/fhir/ValueSet/map-group-type-mode|4.0.1","",,,,"StructureMap.group.typeMode",1,1,"","ele-1:All FHIR elements must have a @value or children {hasValue() or (children().count() > id.count())}
"
"StructureMap.group.documentation","StructureMap.group.documentation","","","",0,1,"","","Y","string {[]} {[]}
","Additional description/explanation for group","Additional supporting documentation that explains the purpose of the group and the types of mappings within it.","","","","","","","","","",,,,,"",,,,"StructureMap.group.documentation",0,1,"","ele-1:All FHIR elements must have a @value or children {hasValue() or (children().count() > id.count())}
"
"StructureMap.group.input","StructureMap.group.input","","","",1,*,"","","Y","BackboneElement {[]} {[]}
","Named instance provided when invoking the map","A name assigned to an instance of data. The instance must be provided when the mapping is invoked.","If no inputs are named, then the entry mappings are type based.","","","","","","","","",,,,,"",,,,"StructureMap.group.input",1,*,"","ele-1:All FHIR elements must have a @value or children {hasValue() or (children().count() > id.count())}
"
"StructureMap.group.input.id","StructureMap.group.input.id","","","",0,1,"","","","string {[]} {[]}
","Unique id for inter-element referencing","Unique id for the element within a resource (for internal references). This may be any string value that does not contain spaces.","","","","","","","","","",,,,,"",,,,"Element.id",0,1,"","","n/a"
"StructureMap.group.input.extension","StructureMap.group.input.extension","","extensions
user content","",0,*,"","","","Extension {[]} {[]}
","Additional content defined by implementations","May be used to represent additional information that is not part of the basic definition of the element. To make the use of extensions safe and manageable, there is a strict set of governance  applied to the definition and use of extensions. Though any implementer can define an extension, there is a set of requirements that SHALL be met as part of the definition of the extension.","There can be no stigma associated with the use of extensions by any application, project, or standard - regardless of the institution or jurisdiction that uses or defines the extensions.  The use of extensions is what allows the FHIR specification to retain a core level of simplicity for everyone.","","","","","","","","",,,,,"",,,,"Element.extension",0,*,"","ele-1:All FHIR elements must have a @value or children {hasValue() or (children().count() > id.count())}
ext-1:Must have either extensions or value[x], not both {extension.exists() != value.exists()}","n/a"
"StructureMap.group.input.modifierExtension","StructureMap.group.input.modifierExtension","","extensions
user contentmodifiers","",0,*,"","Y","Y","Extension {[]} {[]}
","Extensions that cannot be ignored even if unrecognized","May be used to represent additional information that is not part of the basic definition of the element and that modifies the understanding of the element in which it is contained and/or the understanding of the containing element's descendants. Usually modifier elements provide negation or qualification. To make the use of extensions safe and manageable, there is a strict set of governance applied to the definition and use of extensions. Though any implementer can define an extension, there is a set of requirements that SHALL be met as part of the definition of the extension. Applications processing a resource are required to check for modifier extensions.

Modifier extensions SHALL NOT change the meaning of any elements on Resource or DomainResource (including cannot change the meaning of modifierExtension itself).","There can be no stigma associated with the use of extensions by any application, project, or standard - regardless of the institution or jurisdiction that uses or defines the extensions.  The use of extensions is what allows the FHIR specification to retain a core level of simplicity for everyone.","Modifier extensions allow for extensions that *cannot* be safely ignored to be clearly distinguished from the vast majority of extensions which can be safely ignored.  This promotes interoperability by eliminating the need for implementers to prohibit the presence of extensions. For further information, see the [definition of modifier extensions](http://hl7.org/fhir/R4/extensibility.html#modifierExtension).","","","","","","","",,,,,"",,,,"BackboneElement.modifierExtension",0,*,"","ele-1:All FHIR elements must have a @value or children {hasValue() or (children().count() > id.count())}
ext-1:Must have either extensions or value[x], not both {extension.exists() != value.exists()}","N/A"
"StructureMap.group.input.name","StructureMap.group.input.name","","","",1,1,"","","Y","id {[]} {[]}
","Name for this instance of data","Name for this instance of data.","","","","","","","","","",,,,,"",,,,"StructureMap.group.input.name",1,1,"","ele-1:All FHIR elements must have a @value or children {hasValue() or (children().count() > id.count())}
"
"StructureMap.group.input.type","StructureMap.group.input.type","","","",0,1,"","","Y","string {[]} {[]}
","Type for this instance of data","Type for this instance of data.","","","","","","","","","",,,,,"",,,,"StructureMap.group.input.type",0,1,"","ele-1:All FHIR elements must have a @value or children {hasValue() or (children().count() > id.count())}
"
"StructureMap.group.input.mode","StructureMap.group.input.mode","","","",1,1,"","","Y","code {[]} {[]}
","source | target","Mode for this instance of data.","","","","","","","","","",,"required","Mode for this instance of data.","http://hl7.org/fhir/ValueSet/map-input-mode|4.0.1","",,,,"StructureMap.group.input.mode",1,1,"","ele-1:All FHIR elements must have a @value or children {hasValue() or (children().count() > id.count())}
"
"StructureMap.group.input.documentation","StructureMap.group.input.documentation","","","",0,1,"","","","string {[]} {[]}
","Documentation for this instance of data","Documentation for this instance of data.","","","","","","","","","",,,,,"",,,,"StructureMap.group.input.documentation",0,1,"","ele-1:All FHIR elements must have a @value or children {hasValue() or (children().count() > id.count())}
"
"StructureMap.group.rule","StructureMap.group.rule","","","",1,*,"","","Y","BackboneElement {[]} {[]}
","Transform Rule from source to target","Transform Rule from source to target.","","","","","","","","","",,,,,"",,,,"StructureMap.group.rule",1,*,"","ele-1:All FHIR elements must have a @value or children {hasValue() or (children().count() > id.count())}
"
"StructureMap.group.rule.id","StructureMap.group.rule.id","","","",0,1,"","","","string {[]} {[]}
","Unique id for inter-element referencing","Unique id for the element within a resource (for internal references). This may be any string value that does not contain spaces.","","","","","","","","","",,,,,"",,,,"Element.id",0,1,"","","n/a"
"StructureMap.group.rule.extension","StructureMap.group.rule.extension","","extensions
user content","",0,*,"","","","Extension {[]} {[]}
","Additional content defined by implementations","May be used to represent additional information that is not part of the basic definition of the element. To make the use of extensions safe and manageable, there is a strict set of governance  applied to the definition and use of extensions. Though any implementer can define an extension, there is a set of requirements that SHALL be met as part of the definition of the extension.","There can be no stigma associated with the use of extensions by any application, project, or standard - regardless of the institution or jurisdiction that uses or defines the extensions.  The use of extensions is what allows the FHIR specification to retain a core level of simplicity for everyone.","","","","","","","","",,,,,"",,,,"Element.extension",0,*,"","ele-1:All FHIR elements must have a @value or children {hasValue() or (children().count() > id.count())}
ext-1:Must have either extensions or value[x], not both {extension.exists() != value.exists()}","n/a"
"StructureMap.group.rule.modifierExtension","StructureMap.group.rule.modifierExtension","","extensions
user contentmodifiers","",0,*,"","Y","Y","Extension {[]} {[]}
","Extensions that cannot be ignored even if unrecognized","May be used to represent additional information that is not part of the basic definition of the element and that modifies the understanding of the element in which it is contained and/or the understanding of the containing element's descendants. Usually modifier elements provide negation or qualification. To make the use of extensions safe and manageable, there is a strict set of governance applied to the definition and use of extensions. Though any implementer can define an extension, there is a set of requirements that SHALL be met as part of the definition of the extension. Applications processing a resource are required to check for modifier extensions.

Modifier extensions SHALL NOT change the meaning of any elements on Resource or DomainResource (including cannot change the meaning of modifierExtension itself).","There can be no stigma associated with the use of extensions by any application, project, or standard - regardless of the institution or jurisdiction that uses or defines the extensions.  The use of extensions is what allows the FHIR specification to retain a core level of simplicity for everyone.","Modifier extensions allow for extensions that *cannot* be safely ignored to be clearly distinguished from the vast majority of extensions which can be safely ignored.  This promotes interoperability by eliminating the need for implementers to prohibit the presence of extensions. For further information, see the [definition of modifier extensions](http://hl7.org/fhir/R4/extensibility.html#modifierExtension).","","","","","","","",,,,,"",,,,"BackboneElement.modifierExtension",0,*,"","ele-1:All FHIR elements must have a @value or children {hasValue() or (children().count() > id.count())}
ext-1:Must have either extensions or value[x], not both {extension.exists() != value.exists()}","N/A"
"StructureMap.group.rule.name","StructureMap.group.rule.name","","","",1,1,"","","Y","id {[]} {[]}
","Name of the rule for internal references","Name of the rule for internal references.","","","","","","","","","",,,,,"",,,,"StructureMap.group.rule.name",1,1,"","ele-1:All FHIR elements must have a @value or children {hasValue() or (children().count() > id.count())}
"
"StructureMap.group.rule.source","StructureMap.group.rule.source","","","",1,*,"","","Y","BackboneElement {[]} {[]}
","Source inputs to the mapping","Source inputs to the mapping.","","","","","","","","","",,,,,"",,,,"StructureMap.group.rule.source",1,*,"","ele-1:All FHIR elements must have a @value or children {hasValue() or (children().count() > id.count())}
"
"StructureMap.group.rule.source.id","StructureMap.group.rule.source.id","","","",0,1,"","","","string {[]} {[]}
","Unique id for inter-element referencing","Unique id for the element within a resource (for internal references). This may be any string value that does not contain spaces.","","","","","","","","","",,,,,"",,,,"Element.id",0,1,"","","n/a"
"StructureMap.group.rule.source.extension","StructureMap.group.rule.source.extension","","extensions
user content","",0,*,"","","","Extension {[]} {[]}
","Additional content defined by implementations","May be used to represent additional information that is not part of the basic definition of the element. To make the use of extensions safe and manageable, there is a strict set of governance  applied to the definition and use of extensions. Though any implementer can define an extension, there is a set of requirements that SHALL be met as part of the definition of the extension.","There can be no stigma associated with the use of extensions by any application, project, or standard - regardless of the institution or jurisdiction that uses or defines the extensions.  The use of extensions is what allows the FHIR specification to retain a core level of simplicity for everyone.","","","","","","","","",,,,,"",,,,"Element.extension",0,*,"","ele-1:All FHIR elements must have a @value or children {hasValue() or (children().count() > id.count())}
ext-1:Must have either extensions or value[x], not both {extension.exists() != value.exists()}","n/a"
"StructureMap.group.rule.source.modifierExtension","StructureMap.group.rule.source.modifierExtension","","extensions
user contentmodifiers","",0,*,"","Y","Y","Extension {[]} {[]}
","Extensions that cannot be ignored even if unrecognized","May be used to represent additional information that is not part of the basic definition of the element and that modifies the understanding of the element in which it is contained and/or the understanding of the containing element's descendants. Usually modifier elements provide negation or qualification. To make the use of extensions safe and manageable, there is a strict set of governance applied to the definition and use of extensions. Though any implementer can define an extension, there is a set of requirements that SHALL be met as part of the definition of the extension. Applications processing a resource are required to check for modifier extensions.

Modifier extensions SHALL NOT change the meaning of any elements on Resource or DomainResource (including cannot change the meaning of modifierExtension itself).","There can be no stigma associated with the use of extensions by any application, project, or standard - regardless of the institution or jurisdiction that uses or defines the extensions.  The use of extensions is what allows the FHIR specification to retain a core level of simplicity for everyone.","Modifier extensions allow for extensions that *cannot* be safely ignored to be clearly distinguished from the vast majority of extensions which can be safely ignored.  This promotes interoperability by eliminating the need for implementers to prohibit the presence of extensions. For further information, see the [definition of modifier extensions](http://hl7.org/fhir/R4/extensibility.html#modifierExtension).","","","","","","","",,,,,"",,,,"BackboneElement.modifierExtension",0,*,"","ele-1:All FHIR elements must have a @value or children {hasValue() or (children().count() > id.count())}
ext-1:Must have either extensions or value[x], not both {extension.exists() != value.exists()}","N/A"
"StructureMap.group.rule.source.context","StructureMap.group.rule.source.context","","","",1,1,"","","Y","id {[]} {[]}
","Type or variable this rule applies to","Type or variable this rule applies to.","","","","","","","","","",,,,,"",,,,"StructureMap.group.rule.source.context",1,1,"","ele-1:All FHIR elements must have a @value or children {hasValue() or (children().count() > id.count())}
"
"StructureMap.group.rule.source.min","StructureMap.group.rule.source.min","","","",0,1,"","","Y","integer {[]} {[]}
","Specified minimum cardinality","Specified minimum cardinality for the element. This is optional; if present, it acts an implicit check on the input content.","","","","","","","","","",,,,,"",,,,"StructureMap.group.rule.source.min",0,1,"","ele-1:All FHIR elements must have a @value or children {hasValue() or (children().count() > id.count())}
"
"StructureMap.group.rule.source.max","StructureMap.group.rule.source.max","","","",0,1,"","","Y","string {[]} {[]}
","Specified maximum cardinality (number or *)","Specified maximum cardinality for the element - a number or a ""*"". This is optional; if present, it acts an implicit check on the input content (* just serves as documentation; it's the default value).","","","","","","","","","",,,,,"",,,,"StructureMap.group.rule.source.max",0,1,"","ele-1:All FHIR elements must have a @value or children {hasValue() or (children().count() > id.count())}
"
"StructureMap.group.rule.source.type","StructureMap.group.rule.source.type","","","",0,1,"","","Y","string {[]} {[]}
","Rule only applies if source has this type","Specified type for the element. This works as a condition on the mapping - use for polymorphic elements.","","","","","","","","","",,,,,"",,,,"StructureMap.group.rule.source.type",0,1,"","ele-1:All FHIR elements must have a @value or children {hasValue() or (children().count() > id.count())}
"
"StructureMap.group.rule.source.defaultValue[x]","StructureMap.group.rule.source.defaultValue[x]","","","",0,1,"","","Y","base64Binary {[]} {[]}
boolean {[]} {[]}canonical {[]} {[]}code {[]} {[]}date {[]} {[]}dateTime {[]} {[]}decimal {[]} {[]}id {[]} {[]}instant {[]} {[]}integer {[]} {[]}markdown {[]} {[]}oid {[]} {[]}positiveInt {[]} {[]}string {[]} {[]}time {[]} {[]}unsignedInt {[]} {[]}uri {[]} {[]}url {[]} {[]}uuid {[]} {[]}Address {[]} {[]}Age {[]} {[]}Annotation {[]} {[]}Attachment {[]} {[]}CodeableConcept {[]} {[]}Coding {[]} {[]}ContactPoint {[]} {[]}Count {[]} {[]}Distance {[]} {[]}Duration {[]} {[]}HumanName {[]} {[]}Identifier {[]} {[]}Money {[]} {[]}Period {[]} {[]}Quantity {[]} {[]}Range {[]} {[]}Ratio {[]} {[]}Reference {[]} {[]}SampledData {[]} {[]}Signature {[]} {[]}Timing {[]} {[]}ContactDetail {[]} {[]}Contributor {[]} {[]}DataRequirement {[]} {[]}Expression {[]} {[]}ParameterDefinition {[]} {[]}RelatedArtifact {[]} {[]}TriggerDefinition {[]} {[]}UsageContext {[]} {[]}Dosage {[]} {[]}Meta {[]} {[]}","Default value if no value exists","A value to use if there is no existing value in the source object.","If there's a default value on an item that can repeat, it will only be used once.","","","","","","","","",,,,,"",,,,"StructureMap.group.rule.source.defaultValue[x]",0,1,"","ele-1:All FHIR elements must have a @value or children {hasValue() or (children().count() > id.count())}
"
"StructureMap.group.rule.source.element","StructureMap.group.rule.source.element","","","",0,1,"","","Y","string {[]} {[]}
","Optional field for this source","Optional field for this source.","","","","","","","","","",,,,,"",,,,"StructureMap.group.rule.source.element",0,1,"","ele-1:All FHIR elements must have a @value or children {hasValue() or (children().count() > id.count())}
"
"StructureMap.group.rule.source.listMode","StructureMap.group.rule.source.listMode","","","",0,1,"","","Y","code {[]} {[]}
","first | not_first | last | not_last | only_one","How to handle the list mode for this element.","","","","","","","","","",,"required","If field is a list, how to manage the source.","http://hl7.org/fhir/ValueSet/map-source-list-mode|4.0.1","",,,,"StructureMap.group.rule.source.listMode",0,1,"","ele-1:All FHIR elements must have a @value or children {hasValue() or (children().count() > id.count())}
"
"StructureMap.group.rule.source.variable","StructureMap.group.rule.source.variable","","","",0,1,"","","Y","id {[]} {[]}
","Named context for field, if a field is specified","Named context for field, if a field is specified.","","","","","","","","","",,,,,"",,,,"StructureMap.group.rule.source.variable",0,1,"","ele-1:All FHIR elements must have a @value or children {hasValue() or (children().count() > id.count())}
"
"StructureMap.group.rule.source.condition","StructureMap.group.rule.source.condition","","","",0,1,"","","Y","string {[]} {[]}
","FHIRPath expression  - must be true or the rule does not apply","FHIRPath expression  - must be true or the rule does not apply.","","","","","","","","","",,,,,"",,,,"StructureMap.group.rule.source.condition",0,1,"","ele-1:All FHIR elements must have a @value or children {hasValue() or (children().count() > id.count())}
"
"StructureMap.group.rule.source.check","StructureMap.group.rule.source.check","","","",0,1,"","","Y","string {[]} {[]}
","FHIRPath expression  - must be true or the mapping engine throws an error instead of completing","FHIRPath expression  - must be true or the mapping engine throws an error instead of completing.","","","","","","","","","",,,,,"",,,,"StructureMap.group.rule.source.check",0,1,"","ele-1:All FHIR elements must have a @value or children {hasValue() or (children().count() > id.count())}
"
"StructureMap.group.rule.source.logMessage","StructureMap.group.rule.source.logMessage","","","",0,1,"","","Y","string {[]} {[]}
","Message to put in log if source exists (FHIRPath)","A FHIRPath expression which specifies a message to put in the transform log when content matching the source rule is found.","This is typically used for recording that something Is not transformed to the target for some reason.","","","","","","","","",,,,,"",,,,"StructureMap.group.rule.source.logMessage",0,1,"","ele-1:All FHIR elements must have a @value or children {hasValue() or (children().count() > id.count())}
"
"StructureMap.group.rule.target","StructureMap.group.rule.target","","","",0,*,"","","Y","BackboneElement {[]} {[]}
","Content to create because of this mapping rule","Content to create because of this mapping rule.","","","","","","","","","",,,,,"",,,,"StructureMap.group.rule.target",0,*,"","ele-1:All FHIR elements must have a @value or children {hasValue() or (children().count() > id.count())}
smp-1:Can only have an element if you have a context {element.exists() implies context.exists()}smp-2:Must have a contextType if you have a context {context.exists() implies contextType.exists()}"
"StructureMap.group.rule.target.id","StructureMap.group.rule.target.id","","","",0,1,"","","","string {[]} {[]}
","Unique id for inter-element referencing","Unique id for the element within a resource (for internal references). This may be any string value that does not contain spaces.","","","","","","","","","",,,,,"",,,,"Element.id",0,1,"","","n/a"
"StructureMap.group.rule.target.extension","StructureMap.group.rule.target.extension","","extensions
user content","",0,*,"","","","Extension {[]} {[]}
","Additional content defined by implementations","May be used to represent additional information that is not part of the basic definition of the element. To make the use of extensions safe and manageable, there is a strict set of governance  applied to the definition and use of extensions. Though any implementer can define an extension, there is a set of requirements that SHALL be met as part of the definition of the extension.","There can be no stigma associated with the use of extensions by any application, project, or standard - regardless of the institution or jurisdiction that uses or defines the extensions.  The use of extensions is what allows the FHIR specification to retain a core level of simplicity for everyone.","","","","","","","","",,,,,"",,,,"Element.extension",0,*,"","ele-1:All FHIR elements must have a @value or children {hasValue() or (children().count() > id.count())}
ext-1:Must have either extensions or value[x], not both {extension.exists() != value.exists()}","n/a"
"StructureMap.group.rule.target.modifierExtension","StructureMap.group.rule.target.modifierExtension","","extensions
user contentmodifiers","",0,*,"","Y","Y","Extension {[]} {[]}
","Extensions that cannot be ignored even if unrecognized","May be used to represent additional information that is not part of the basic definition of the element and that modifies the understanding of the element in which it is contained and/or the understanding of the containing element's descendants. Usually modifier elements provide negation or qualification. To make the use of extensions safe and manageable, there is a strict set of governance applied to the definition and use of extensions. Though any implementer can define an extension, there is a set of requirements that SHALL be met as part of the definition of the extension. Applications processing a resource are required to check for modifier extensions.

Modifier extensions SHALL NOT change the meaning of any elements on Resource or DomainResource (including cannot change the meaning of modifierExtension itself).","There can be no stigma associated with the use of extensions by any application, project, or standard - regardless of the institution or jurisdiction that uses or defines the extensions.  The use of extensions is what allows the FHIR specification to retain a core level of simplicity for everyone.","Modifier extensions allow for extensions that *cannot* be safely ignored to be clearly distinguished from the vast majority of extensions which can be safely ignored.  This promotes interoperability by eliminating the need for implementers to prohibit the presence of extensions. For further information, see the [definition of modifier extensions](http://hl7.org/fhir/R4/extensibility.html#modifierExtension).","","","","","","","",,,,,"",,,,"BackboneElement.modifierExtension",0,*,"","ele-1:All FHIR elements must have a @value or children {hasValue() or (children().count() > id.count())}
ext-1:Must have either extensions or value[x], not both {extension.exists() != value.exists()}","N/A"
"StructureMap.group.rule.target.context","StructureMap.group.rule.target.context","","","",0,1,"","","Y","id {[]} {[]}
","Type or variable this rule applies to","Type or variable this rule applies to.","","","","","","","","","",,,,,"",,,,"StructureMap.group.rule.target.context",0,1,"","ele-1:All FHIR elements must have a @value or children {hasValue() or (children().count() > id.count())}
"
"StructureMap.group.rule.target.contextType","StructureMap.group.rule.target.contextType","","","",0,1,"","","Y","code {[]} {[]}
","type | variable","How to interpret the context.","","","","","","","","","",,"required","How to interpret the context.","http://hl7.org/fhir/ValueSet/map-context-type|4.0.1","",,,,"StructureMap.group.rule.target.contextType",0,1,"","ele-1:All FHIR elements must have a @value or children {hasValue() or (children().count() > id.count())}
"
"StructureMap.group.rule.target.element","StructureMap.group.rule.target.element","","","",0,1,"","","Y","string {[]} {[]}
","Field to create in the context","Field to create in the context.","","","","","","","","","",,,,,"",,,,"StructureMap.group.rule.target.element",0,1,"","ele-1:All FHIR elements must have a @value or children {hasValue() or (children().count() > id.count())}
"
"StructureMap.group.rule.target.variable","StructureMap.group.rule.target.variable","","","",0,1,"","","Y","id {[]} {[]}
","Named context for field, if desired, and a field is specified","Named context for field, if desired, and a field is specified.","","","","","","","","","",,,,,"",,,,"StructureMap.group.rule.target.variable",0,1,"","ele-1:All FHIR elements must have a @value or children {hasValue() or (children().count() > id.count())}
"
"StructureMap.group.rule.target.listMode","StructureMap.group.rule.target.listMode","","","",0,*,"","","Y","code {[]} {[]}
","first | share | last | collate","If field is a list, how to manage the list.","","","","","","","","","",,"required","If field is a list, how to manage the production.","http://hl7.org/fhir/ValueSet/map-target-list-mode|4.0.1","",,,,"StructureMap.group.rule.target.listMode",0,*,"","ele-1:All FHIR elements must have a @value or children {hasValue() or (children().count() > id.count())}
"
"StructureMap.group.rule.target.listRuleId","StructureMap.group.rule.target.listRuleId","","","",0,1,"","","Y","id {[]} {[]}
","Internal rule reference for shared list items","Internal rule reference for shared list items.","","","","","","","","","",,,,,"",,,,"StructureMap.group.rule.target.listRuleId",0,1,"","ele-1:All FHIR elements must have a @value or children {hasValue() or (children().count() > id.count())}
"
"StructureMap.group.rule.target.transform","StructureMap.group.rule.target.transform","","","",0,1,"","","Y","code {[]} {[]}
","create | copy +","How the data is copied / created.","","","","","","","","","",,"required","How data is copied/created.","http://hl7.org/fhir/ValueSet/map-transform|4.0.1","",,,,"StructureMap.group.rule.target.transform",0,1,"","ele-1:All FHIR elements must have a @value or children {hasValue() or (children().count() > id.count())}
"
"StructureMap.group.rule.target.parameter","StructureMap.group.rule.target.parameter","","","",0,*,"","","Y","BackboneElement {[]} {[]}
","Parameters to the transform","Parameters to the transform.","","","","","","","","","",,,,,"",,,,"StructureMap.group.rule.target.parameter",0,*,"","ele-1:All FHIR elements must have a @value or children {hasValue() or (children().count() > id.count())}
"
"StructureMap.group.rule.target.parameter.id","StructureMap.group.rule.target.parameter.id","","","",0,1,"","","","string {[]} {[]}
","Unique id for inter-element referencing","Unique id for the element within a resource (for internal references). This may be any string value that does not contain spaces.","","","","","","","","","",,,,,"",,,,"Element.id",0,1,"","","n/a"
"StructureMap.group.rule.target.parameter.extension","StructureMap.group.rule.target.parameter.extension","","extensions
user content","",0,*,"","","","Extension {[]} {[]}
","Additional content defined by implementations","May be used to represent additional information that is not part of the basic definition of the element. To make the use of extensions safe and manageable, there is a strict set of governance  applied to the definition and use of extensions. Though any implementer can define an extension, there is a set of requirements that SHALL be met as part of the definition of the extension.","There can be no stigma associated with the use of extensions by any application, project, or standard - regardless of the institution or jurisdiction that uses or defines the extensions.  The use of extensions is what allows the FHIR specification to retain a core level of simplicity for everyone.","","","","","","","","",,,,,"",,,,"Element.extension",0,*,"","ele-1:All FHIR elements must have a @value or children {hasValue() or (children().count() > id.count())}
ext-1:Must have either extensions or value[x], not both {extension.exists() != value.exists()}","n/a"
"StructureMap.group.rule.target.parameter.modifierExtension","StructureMap.group.rule.target.parameter.modifierExtension","","extensions
user contentmodifiers","",0,*,"","Y","Y","Extension {[]} {[]}
","Extensions that cannot be ignored even if unrecognized","May be used to represent additional information that is not part of the basic definition of the element and that modifies the understanding of the element in which it is contained and/or the understanding of the containing element's descendants. Usually modifier elements provide negation or qualification. To make the use of extensions safe and manageable, there is a strict set of governance applied to the definition and use of extensions. Though any implementer can define an extension, there is a set of requirements that SHALL be met as part of the definition of the extension. Applications processing a resource are required to check for modifier extensions.

Modifier extensions SHALL NOT change the meaning of any elements on Resource or DomainResource (including cannot change the meaning of modifierExtension itself).","There can be no stigma associated with the use of extensions by any application, project, or standard - regardless of the institution or jurisdiction that uses or defines the extensions.  The use of extensions is what allows the FHIR specification to retain a core level of simplicity for everyone.","Modifier extensions allow for extensions that *cannot* be safely ignored to be clearly distinguished from the vast majority of extensions which can be safely ignored.  This promotes interoperability by eliminating the need for implementers to prohibit the presence of extensions. For further information, see the [definition of modifier extensions](http://hl7.org/fhir/R4/extensibility.html#modifierExtension).","","","","","","","",,,,,"",,,,"BackboneElement.modifierExtension",0,*,"","ele-1:All FHIR elements must have a @value or children {hasValue() or (children().count() > id.count())}
ext-1:Must have either extensions or value[x], not both {extension.exists() != value.exists()}","N/A"
"StructureMap.group.rule.target.parameter.value[x]","StructureMap.group.rule.target.parameter.value[x]","","","",1,1,"","","Y","id {[]} {[]}
string {[]} {[]}boolean {[]} {[]}integer {[]} {[]}decimal {[]} {[]}","Parameter value - variable or literal","Parameter value - variable or literal.","","","","","","","","","",,,,,"",,,,"StructureMap.group.rule.target.parameter.value[x]",1,1,"","ele-1:All FHIR elements must have a @value or children {hasValue() or (children().count() > id.count())}
"
"StructureMap.group.rule.rule","StructureMap.group.rule.rule","","","",0,*,"","","Y","null {[]} {[]}
","Rules contained in this rule","Rules contained in this rule.","","","","","","","","","",,,,,"",,,,"StructureMap.group.rule.rule",0,*,"","ele-1:All FHIR elements must have a @value or children {hasValue() or (children().count() > id.count())}
"
"StructureMap.group.rule.dependent","StructureMap.group.rule.dependent","","","",0,*,"","","Y","BackboneElement {[]} {[]}
","Which other rules to apply in the context of this rule","Which other rules to apply in the context of this rule.","","","","","","","","","",,,,,"",,,,"StructureMap.group.rule.dependent",0,*,"","ele-1:All FHIR elements must have a @value or children {hasValue() or (children().count() > id.count())}
"
"StructureMap.group.rule.dependent.id","StructureMap.group.rule.dependent.id","","","",0,1,"","","","string {[]} {[]}
","Unique id for inter-element referencing","Unique id for the element within a resource (for internal references). This may be any string value that does not contain spaces.","","","","","","","","","",,,,,"",,,,"Element.id",0,1,"","","n/a"
"StructureMap.group.rule.dependent.extension","StructureMap.group.rule.dependent.extension","","extensions
user content","",0,*,"","","","Extension {[]} {[]}
","Additional content defined by implementations","May be used to represent additional information that is not part of the basic definition of the element. To make the use of extensions safe and manageable, there is a strict set of governance  applied to the definition and use of extensions. Though any implementer can define an extension, there is a set of requirements that SHALL be met as part of the definition of the extension.","There can be no stigma associated with the use of extensions by any application, project, or standard - regardless of the institution or jurisdiction that uses or defines the extensions.  The use of extensions is what allows the FHIR specification to retain a core level of simplicity for everyone.","","","","","","","","",,,,,"",,,,"Element.extension",0,*,"","ele-1:All FHIR elements must have a @value or children {hasValue() or (children().count() > id.count())}
ext-1:Must have either extensions or value[x], not both {extension.exists() != value.exists()}","n/a"
"StructureMap.group.rule.dependent.modifierExtension","StructureMap.group.rule.dependent.modifierExtension","","extensions
user contentmodifiers","",0,*,"","Y","Y","Extension {[]} {[]}
","Extensions that cannot be ignored even if unrecognized","May be used to represent additional information that is not part of the basic definition of the element and that modifies the understanding of the element in which it is contained and/or the understanding of the containing element's descendants. Usually modifier elements provide negation or qualification. To make the use of extensions safe and manageable, there is a strict set of governance applied to the definition and use of extensions. Though any implementer can define an extension, there is a set of requirements that SHALL be met as part of the definition of the extension. Applications processing a resource are required to check for modifier extensions.

Modifier extensions SHALL NOT change the meaning of any elements on Resource or DomainResource (including cannot change the meaning of modifierExtension itself).","There can be no stigma associated with the use of extensions by any application, project, or standard - regardless of the institution or jurisdiction that uses or defines the extensions.  The use of extensions is what allows the FHIR specification to retain a core level of simplicity for everyone.","Modifier extensions allow for extensions that *cannot* be safely ignored to be clearly distinguished from the vast majority of extensions which can be safely ignored.  This promotes interoperability by eliminating the need for implementers to prohibit the presence of extensions. For further information, see the [definition of modifier extensions](http://hl7.org/fhir/R4/extensibility.html#modifierExtension).","","","","","","","",,,,,"",,,,"BackboneElement.modifierExtension",0,*,"","ele-1:All FHIR elements must have a @value or children {hasValue() or (children().count() > id.count())}
ext-1:Must have either extensions or value[x], not both {extension.exists() != value.exists()}","N/A"
"StructureMap.group.rule.dependent.name","StructureMap.group.rule.dependent.name","","","",1,1,"","","Y","id {[]} {[]}
","Name of a rule or group to apply","Name of a rule or group to apply.","","","","","","","","","",,,,,"",,,,"StructureMap.group.rule.dependent.name",1,1,"","ele-1:All FHIR elements must have a @value or children {hasValue() or (children().count() > id.count())}
"
"StructureMap.group.rule.dependent.variable","StructureMap.group.rule.dependent.variable","","","",1,*,"","","Y","string {[]} {[]}
","Variable to pass to the rule or group","Variable to pass to the rule or group.","","","","","","","","","",,,,,"",,,,"StructureMap.group.rule.dependent.variable",1,*,"","ele-1:All FHIR elements must have a @value or children {hasValue() or (children().count() > id.count())}
"
"StructureMap.group.rule.documentation","StructureMap.group.rule.documentation","","","",0,1,"","","","string {[]} {[]}
","Documentation for this instance of data","Documentation for this instance of data.","","","","","","","","","",,,,,"",,,,"StructureMap.group.rule.documentation",0,1,"","ele-1:All FHIR elements must have a @value or children {hasValue() or (children().count() > id.count())}
"
