URL,Version,Status,OIDs,Name,Title,Descriptino,Uses,Used,Sources
http://smart.who.int/base/ValueSet/CDHIv1,0.2.0,active,,CDHIv1,Classification of Digital Health Interventions v1,"Value Set for Classification of Digital Health Interventions v1. Autogenerated from DAK artifacts",,"Internal"
http://smart.who.int/base/ValueSet/CDSCv1,0.2.0,active,,CDSCv1,Classification of Digital Health System Categories v1,"Value Set for Classification of Digital Health System Categories v1. Autogenerated from DAK artifacts",,"Internal"
http://smart.who.int/base/ValueSet/CoreDataElementTypeVS,0.2.0,active,,CoreDataElementTypeVS,Core Data Element Type Value Set,"Value set of core data element types",,"Internal"
http://smart.who.int/base/ValueSet/DecisionTableActions,0.2.0,active,,DecisionTableActions,Smart Guidelines Decision Table Actions,"Value Set for Smart Guidelines Documentation Decision Table Actions",,"Internal"
http://smart.who.int/base/ValueSet/DocumentationSection,0.2.0,active,,DocumentationSection,Smart Guidelines Documentation Section,"Value Set for Smart Guidelines Documentation Section to autogenerate documentation from artifacts",,"Other"
http://smart.who.int/base/ValueSet/ISCO08ValueSet,0.2.0,active,,ISCO08ValueSet,ISCO-08 Value Set,"Extensible value set of ISCO-08 codes for persona classification",,"Internal"
http://smart.who.int/base/ValueSet/SGPersonaTypesVS,0.2.0,active,,SGPersonaTypesVS,Smart Guidelines Persona Types Value Set,"Value Set for Smart Guidelines Persona Section to autogenerate documentation from artifacts",,"Internal"
