"Id","Path","Slice Name","Alias(s)","Label","Min","Max","Must Support?","Is Modifier?","Is Summary?","Type(s)","Short","Definition","Comments","Requirements","Default Value","Meaning When Missing","Fixed Value","Pattern","Example","Minimum Value","Maximum Value","Maximum Length","Binding Strength","Binding Description","Binding Value Set","Code","Slicing Discriminator","Slicing Description","Slicing Ordered","Slicing Rules","Base Path","Base Min","Base Max","Condition(s)","Constraint(s)"
"CoreDataElement","CoreDataElement","","","",0,*,"","","","null {[]} {[]}
","Core Data Element (DAK)","Logical Model for representing Core Data Elements from a DAK. A core data element can be one of: a ValueSet, a CodeSystem, a ConceptMap, or a Logical Model adherent to SGLogicalModel. This is the ONE EXCEPTION to allowing FHIR R4 models into the DAK LMs.","","","","","","","","","",,,,,"",,,,"Base",0,*,"",""
"CoreDataElement.type","CoreDataElement.type","","","",1,1,"","","","code {[]} {[]}
","Type","Type of core data element: valueset, codesystem, conceptmap, or logicalmodel","","","","","","","","","",,"required","","http://smart.who.int/base/ValueSet/CoreDataElementTypeVS","",,,,"CoreDataElement.type",1,1,"",""
"CoreDataElement.canonical","CoreDataElement.canonical","","","",1,1,"","","","uri {[]} {[]}
","Canonical","Canonical URI/IRI pointing to the ValueSet, CodeSystem, ConceptMap, or Logical Model definition","","","","","","","","","",,,,,"",,,,"CoreDataElement.canonical",1,1,"",""
"CoreDataElement.id","CoreDataElement.id","","","",0,1,"","","","id {[]} {[]}
","Element ID","Identifier for the core data element","","","","","","","","","",,,,,"",,,,"CoreDataElement.id",0,1,"",""
"CoreDataElement.description[x]","CoreDataElement.description[x]","","","",0,1,"","","","string {[]} {[]}
uri {[]} {[]}","Description","Description of the core data element - either Markdown content or a URI to a Markdown file (absolute or relative to repository root)","","","","","","","","","",,,,,"",,,,"CoreDataElement.description[x]",0,1,"",""
