{
  "codeSystems" : [
    {
      "url" : "http://hl7.org/fhir/5.0/conformance-expectation",
      "version" : "5.0.0",
      "status" : "active",
      "name" : "ConformanceExpectation",
      "title" : "Conformance Expectation",
      "description" : "ConformanceExpectation",
      "oids" : [
        "2.16.840.1.113883.4.642.1.839",
        "2.16.840.1.113883.4.642.2.381",
        "2.16.840.1.113883.4.642.1.1271"
      ],
      "uses" : {
      },
      "http://hl7.org/fhir/R5/valueset-conformance-expectation.html" : "Conformance Expectation"
    },
    {
      "url" : "http://hl7.org/fhir/5.0/examplescenario-actor-type",
      "version" : "5.0.0",
      "status" : "active",
      "name" : "ExampleScenarioActorType",
      "title" : "Example Scenario Actor Type",
      "description" : "The type of actor - system or human.",
      "oids" : ["2.16.840.1.113883.4.642.4.859"],
      "uses" : {
      },
      "http://hl7.org/fhir/R5/valueset-examplescenario-actor-type.html" : "Example Scenario Actor Type"
    },
    {
      "url" : "http://hl7.org/fhir/5.0/publication-status",
      "version" : "5.0.0",
      "status" : "active",
      "name" : "PublicationStatus",
      "title" : "PublicationStatus",
      "description" : "The lifecycle status of an artifact.",
      "oids" : ["2.16.840.1.113883.4.642.4.4"],
      "uses" : {
      },
      "http://hl7.org/fhir/R5/valueset-publication-status.html" : "PublicationStatus"
    },
    {
      "url" : "http://hl7.org/fhir/5.0/version-algorithm",
      "version" : "5.0.0",
      "status" : "active",
      "name" : "VersionAlgorithm",
      "title" : "Version Algorithm",
      "description" : "Indicates the mechanism used to compare versions to determine which is more current.",
      "oids" : ["2.16.840.1.113883.4.642.4.1989"],
      "uses" : {
      },
      "http://hl7.org/fhir/R5/valueset-version-algorithm.html" : "Version Algorithm"
    },
    {
      "url" : "http://hl7.org/fhir/FHIR-version",
      "version" : "4.0.1",
      "status" : "active",
      "name" : "FHIRVersion",
      "title" : "FHIRVersion",
      "description" : "All published FHIR Versions.",
      "oids" : ["2.16.840.1.113883.4.642.4.1310"],
      "uses" : {
      },
      "http://hl7.org/fhir/R4/valueset-FHIR-version.html" : "FHIRVersion"
    },
    {
      "url" : "http://hl7.org/fhir/action-cardinality-behavior",
      "version" : "4.0.1",
      "status" : "draft",
      "name" : "ActionCardinalityBehavior",
      "title" : "ActionCardinalityBehavior",
      "description" : "Defines behavior for an action or a group for how many times that item may be repeated.",
      "oids" : ["2.16.840.1.113883.4.642.4.808"],
      "uses" : {
      },
      "http://hl7.org/fhir/R4/valueset-action-cardinality-behavior.html" : "ActionCardinalityBehavior"
    },
    {
      "url" : "http://hl7.org/fhir/action-condition-kind",
      "version" : "4.0.1",
      "status" : "draft",
      "name" : "ActionConditionKind",
      "title" : "ActionConditionKind",
      "description" : "Defines the kinds of conditions that can appear on actions.",
      "oids" : ["2.16.840.1.113883.4.642.4.816"],
      "uses" : {
      },
      "http://hl7.org/fhir/R4/valueset-action-condition-kind.html" : "ActionConditionKind"
    },
    {
      "url" : "http://hl7.org/fhir/action-grouping-behavior",
      "version" : "4.0.1",
      "status" : "draft",
      "name" : "ActionGroupingBehavior",
      "title" : "ActionGroupingBehavior",
      "description" : "Defines organization behavior of a group.",
      "oids" : ["2.16.840.1.113883.4.642.4.800"],
      "uses" : {
      },
      "http://hl7.org/fhir/R4/valueset-action-grouping-behavior.html" : "ActionGroupingBehavior"
    },
    {
      "url" : "http://hl7.org/fhir/action-participant-type",
      "version" : "4.0.1",
      "status" : "draft",
      "name" : "ActionParticipantType",
      "title" : "ActionParticipantType",
      "description" : "The type of participant for the action.",
      "oids" : ["2.16.840.1.113883.4.642.4.812"],
      "uses" : {
      },
      "http://hl7.org/fhir/R4/valueset-action-participant-type.html" : "ActionParticipantType"
    },
    {
      "url" : "http://hl7.org/fhir/action-precheck-behavior",
      "version" : "4.0.1",
      "status" : "draft",
      "name" : "ActionPrecheckBehavior",
      "title" : "ActionPrecheckBehavior",
      "description" : "Defines selection frequency behavior for an action or group.",
      "oids" : ["2.16.840.1.113883.4.642.4.806"],
      "uses" : {
      },
      "http://hl7.org/fhir/R4/valueset-action-precheck-behavior.html" : "ActionPrecheckBehavior"
    },
    {
      "url" : "http://hl7.org/fhir/action-relationship-type",
      "version" : "4.0.1",
      "status" : "draft",
      "name" : "ActionRelationshipType",
      "title" : "ActionRelationshipType",
      "description" : "Defines the types of relationships between actions.",
      "oids" : ["2.16.840.1.113883.4.642.4.814"],
      "uses" : {
      },
      "http://hl7.org/fhir/R4/valueset-action-relationship-type.html" : "ActionRelationshipType"
    },
    {
      "url" : "http://hl7.org/fhir/action-required-behavior",
      "version" : "4.0.1",
      "status" : "draft",
      "name" : "ActionRequiredBehavior",
      "title" : "ActionRequiredBehavior",
      "description" : "Defines expectations around whether an action or action group is required.",
      "oids" : ["2.16.840.1.113883.4.642.4.804"],
      "uses" : {
      },
      "http://hl7.org/fhir/R4/valueset-action-required-behavior.html" : "ActionRequiredBehavior"
    },
    {
      "url" : "http://hl7.org/fhir/action-selection-behavior",
      "version" : "4.0.1",
      "status" : "draft",
      "name" : "ActionSelectionBehavior",
      "title" : "ActionSelectionBehavior",
      "description" : "Defines selection behavior of a group.",
      "oids" : ["2.16.840.1.113883.4.642.4.802"],
      "uses" : {
      },
      "http://hl7.org/fhir/R4/valueset-action-selection-behavior.html" : "ActionSelectionBehavior"
    },
    {
      "url" : "http://hl7.org/fhir/binding-strength",
      "version" : "4.0.1",
      "status" : "active",
      "name" : "BindingStrength",
      "title" : "BindingStrength",
      "description" : "Indication of the degree of conformance expectations associated with a binding.",
      "oids" : ["2.16.840.1.113883.4.642.4.44"],
      "uses" : {
      },
      "http://hl7.org/fhir/R4/valueset-binding-strength.html" : "BindingStrength"
    },
    {
      "url" : "http://hl7.org/fhir/codesystem-content-mode",
      "version" : "4.0.1",
      "status" : "active",
      "name" : "CodeSystemContentMode",
      "title" : "CodeSystemContentMode",
      "description" : "The extent of the content of the code system (the concepts and codes it defines) are represented in a code system resource.",
      "oids" : ["2.16.840.1.113883.4.642.4.783"],
      "uses" : {
      },
      "http://hl7.org/fhir/R4/valueset-codesystem-content-mode.html" : "CodeSystemContentMode"
    },
    {
      "url" : "http://hl7.org/fhir/codesystem-hierarchy-meaning",
      "version" : "4.0.1",
      "status" : "active",
      "name" : "CodeSystemHierarchyMeaning",
      "title" : "CodeSystemHierarchyMeaning",
      "description" : "The meaning of the hierarchy of concepts in a code system.",
      "oids" : ["2.16.840.1.113883.4.642.4.785"],
      "uses" : {
      },
      "http://hl7.org/fhir/R4/valueset-codesystem-hierarchy-meaning.html" : "CodeSystemHierarchyMeaning"
    },
    {
      "url" : "http://hl7.org/fhir/compartment-type",
      "version" : "4.0.1",
      "status" : "draft",
      "name" : "CompartmentType",
      "title" : "CompartmentType",
      "description" : "Which type a compartment definition describes.",
      "oids" : ["2.16.840.1.113883.4.642.4.787"],
      "uses" : {
      },
      "http://hl7.org/fhir/R4/valueset-compartment-type.html" : "CompartmentType"
    },
    {
      "url" : "http://hl7.org/fhir/concept-map-equivalence",
      "version" : "5.2.0",
      "status" : "active",
      "name" : "ConceptMapEquivalence",
      "title" : "Concept Map Equivalence Code System",
      "description" : "The degree of equivalence between concepts.",
      "oids" : ["2.16.840.1.113883.4.642.4.18", "2.16.840.1.113883.4.642.1.18"],
      "uses" : {
      },
      "http://hl7.org/fhir/R4/valueset-concept-map-equivalence.html" : "ConceptMapEquivalence"
    },
    {
      "url" : "http://hl7.org/fhir/concept-property-type",
      "version" : "4.0.1",
      "status" : "active",
      "name" : "PropertyType",
      "title" : "PropertyType",
      "description" : "The type of a property value.",
      "oids" : ["2.16.840.1.113883.4.642.4.781"],
      "uses" : {
      },
      "http://hl7.org/fhir/R4/valueset-concept-property-type.html" : "PropertyType"
    },
    {
      "url" : "http://hl7.org/fhir/conceptmap-unmapped-mode",
      "version" : "4.0.1",
      "status" : "draft",
      "name" : "ConceptMapGroupUnmappedMode",
      "title" : "ConceptMapGroupUnmappedMode",
      "description" : "Defines which action to take if there is no match in the group.",
      "oids" : ["2.16.840.1.113883.4.642.4.481"],
      "uses" : {
      },
      "http://hl7.org/fhir/R4/valueset-conceptmap-unmapped-mode.html" : "ConceptMapGroupUnmappedMode"
    },
    {
      "url" : "http://hl7.org/fhir/constraint-severity",
      "version" : "4.0.1",
      "status" : "active",
      "name" : "ConstraintSeverity",
      "title" : "ConstraintSeverity",
      "description" : "SHALL applications comply with this constraint?",
      "oids" : ["2.16.840.1.113883.4.642.4.82"],
      "uses" : {
      },
      "http://hl7.org/fhir/R4/valueset-constraint-severity.html" : "ConstraintSeverity"
    },
    {
      "url" : "http://hl7.org/fhir/data-types",
      "version" : "4.0.1",
      "status" : "active",
      "name" : "DataType",
      "title" : "DataType",
      "description" : "A version specific list of the data types defined by the FHIR specification for use as an element  type (any of the FHIR defined data types).",
      "uses" : {
      },
      "http://hl7.org/fhir/R4/valueset-defined-types.html" : "FHIRDefinedType"
    },
    {
      "url" : "http://hl7.org/fhir/discriminator-type",
      "version" : "4.0.1",
      "status" : "active",
      "name" : "DiscriminatorType",
      "title" : "DiscriminatorType",
      "description" : "How an element value is interpreted when discrimination is evaluated.",
      "oids" : ["2.16.840.1.113883.4.642.4.92"],
      "uses" : {
      },
      "http://hl7.org/fhir/R4/valueset-discriminator-type.html" : "DiscriminatorType"
    },
    {
      "url" : "http://hl7.org/fhir/extension-context-type",
      "version" : "4.0.1",
      "status" : "active",
      "name" : "ExtensionContextType",
      "title" : "ExtensionContextType",
      "description" : "How an extension context is interpreted.",
      "oids" : ["2.16.840.1.113883.4.642.4.1013"],
      "uses" : {
      },
      "http://hl7.org/fhir/R4/valueset-extension-context-type.html" : "ExtensionContextType"
    },
    {
      "url" : "http://hl7.org/fhir/filter-operator",
      "version" : "4.0.1",
      "status" : "active",
      "name" : "FilterOperator",
      "title" : "FilterOperator",
      "description" : "The kind of operation to perform as a part of a property based filter.",
      "oids" : ["2.16.840.1.113883.4.642.4.479"],
      "uses" : {
      },
      "http://hl7.org/fhir/R4/valueset-filter-operator.html" : "FilterOperator"
    },
    {
      "url" : "http://hl7.org/fhir/graph-compartment-rule",
      "version" : "4.0.1",
      "status" : "draft",
      "name" : "GraphCompartmentRule",
      "title" : "GraphCompartmentRule",
      "description" : "How a compartment must be linked.",
      "oids" : ["2.16.840.1.113883.4.642.4.281"],
      "uses" : {
      },
      "http://hl7.org/fhir/R4/valueset-graph-compartment-rule.html" : "GraphCompartmentRule"
    },
    {
      "url" : "http://hl7.org/fhir/graph-compartment-use",
      "version" : "4.0.1",
      "status" : "draft",
      "name" : "GraphCompartmentUse",
      "title" : "GraphCompartmentUse",
      "description" : "Defines how a compartment rule is used.",
      "oids" : ["2.16.840.1.113883.4.642.4.283"],
      "uses" : {
      },
      "http://hl7.org/fhir/R4/valueset-graph-compartment-use.html" : "GraphCompartmentUse"
    },
    {
      "url" : "http://hl7.org/fhir/group-type",
      "version" : "4.0.1",
      "status" : "draft",
      "name" : "GroupType",
      "title" : "GroupType",
      "description" : "Types of resources that are part of group.",
      "oids" : ["2.16.840.1.113883.4.642.4.285"],
      "uses" : {
      },
      "http://hl7.org/fhir/R4/valueset-group-type.html" : "GroupType"
    },
    {
      "url" : "http://hl7.org/fhir/guide-page-generation",
      "version" : "4.0.1",
      "status" : "draft",
      "name" : "GuidePageGeneration",
      "title" : "GuidePageGeneration",
      "description" : "A code that indicates how the page is generated.",
      "oids" : ["2.16.840.1.113883.4.642.4.999"],
      "uses" : {
      },
      "http://hl7.org/fhir/R4/valueset-guide-page-generation.html" : "GuidePageGeneration"
    },
    {
      "url" : "http://hl7.org/fhir/guide-parameter-code",
      "version" : "4.0.1",
      "status" : "draft",
      "name" : "GuideParameterCode",
      "title" : "GuideParameterCode",
      "description" : "Code of parameter that is input to the guide.",
      "oids" : ["2.16.840.1.113883.4.642.4.997"],
      "uses" : {
      },
      "http://hl7.org/fhir/R4/valueset-guide-parameter-code.html" : "GuideParameterCode"
    },
    {
      "url" : "http://hl7.org/fhir/identifier-use",
      "version" : "4.0.1",
      "status" : "active",
      "name" : "IdentifierUse",
      "title" : "IdentifierUse",
      "description" : "Identifies the purpose for this identifier, if known .",
      "oids" : ["2.16.840.1.113883.4.642.4.58"],
      "uses" : {
      },
      "http://hl7.org/fhir/R4/valueset-identifier-use.html" : "IdentifierUse"
    },
    {
      "url" : "http://hl7.org/fhir/item-type",
      "version" : "4.0.1",
      "status" : "draft",
      "name" : "QuestionnaireItemType",
      "title" : "QuestionnaireItemType",
      "description" : "Distinguishes groups from questions and display text and indicates data type for questions.",
      "oids" : ["2.16.840.1.113883.4.642.4.445"],
      "uses" : {
      },
      "http://hl7.org/fhir/R4/valueset-item-type.html" : "QuestionnaireItemType"
    },
    {
      "url" : "http://hl7.org/fhir/map-context-type",
      "version" : "4.0.1",
      "status" : "draft",
      "name" : "StructureMapContextType",
      "title" : "StructureMapContextType",
      "description" : "How to interpret the context.",
      "oids" : ["2.16.840.1.113883.4.642.4.680"],
      "uses" : {
      },
      "http://hl7.org/fhir/R4/valueset-map-context-type.html" : "StructureMapContextType"
    },
    {
      "url" : "http://hl7.org/fhir/map-group-type-mode",
      "version" : "4.0.1",
      "status" : "draft",
      "name" : "StructureMapGroupTypeMode",
      "title" : "StructureMapGroupTypeMode",
      "description" : "If this is the default rule set to apply for the source type, or this combination of types.",
      "oids" : ["2.16.840.1.113883.4.642.4.688"],
      "uses" : {
      },
      "http://hl7.org/fhir/R4/valueset-map-group-type-mode.html" : "StructureMapGroupTypeMode"
    },
    {
      "url" : "http://hl7.org/fhir/map-input-mode",
      "version" : "4.0.1",
      "status" : "draft",
      "name" : "StructureMapInputMode",
      "title" : "StructureMapInputMode",
      "description" : "Mode for this instance of data.",
      "oids" : ["2.16.840.1.113883.4.642.4.678"],
      "uses" : {
      },
      "http://hl7.org/fhir/R4/valueset-map-input-mode.html" : "StructureMapInputMode"
    },
    {
      "url" : "http://hl7.org/fhir/map-model-mode",
      "version" : "4.0.1",
      "status" : "draft",
      "name" : "StructureMapModelMode",
      "title" : "StructureMapModelMode",
      "description" : "How the referenced structure is used in this mapping.",
      "oids" : ["2.16.840.1.113883.4.642.4.676"],
      "uses" : {
      },
      "http://hl7.org/fhir/R4/valueset-map-model-mode.html" : "StructureMapModelMode"
    },
    {
      "url" : "http://hl7.org/fhir/map-source-list-mode",
      "version" : "4.0.1",
      "status" : "draft",
      "name" : "StructureMapSourceListMode",
      "title" : "StructureMapSourceListMode",
      "description" : "If field is a list, how to manage the source.",
      "oids" : ["2.16.840.1.113883.4.642.4.684"],
      "uses" : {
      },
      "http://hl7.org/fhir/R4/valueset-map-source-list-mode.html" : "StructureMapSourceListMode"
    },
    {
      "url" : "http://hl7.org/fhir/map-target-list-mode",
      "version" : "4.0.1",
      "status" : "draft",
      "name" : "StructureMapTargetListMode",
      "title" : "StructureMapTargetListMode",
      "description" : "If field is a list, how to manage the production.",
      "oids" : ["2.16.840.1.113883.4.642.4.686"],
      "uses" : {
      },
      "http://hl7.org/fhir/R4/valueset-map-target-list-mode.html" : "StructureMapTargetListMode"
    },
    {
      "url" : "http://hl7.org/fhir/map-transform",
      "version" : "4.0.1",
      "status" : "draft",
      "name" : "StructureMapTransform",
      "title" : "StructureMapTransform",
      "description" : "How data is copied/created.",
      "oids" : ["2.16.840.1.113883.4.642.4.682"],
      "uses" : {
      },
      "http://hl7.org/fhir/R4/valueset-map-transform.html" : "StructureMapTransform"
    },
    {
      "url" : "http://hl7.org/fhir/property-representation",
      "version" : "4.0.1",
      "status" : "active",
      "name" : "PropertyRepresentation",
      "title" : "PropertyRepresentation",
      "description" : "How a property is represented when serialized.",
      "oids" : ["2.16.840.1.113883.4.642.4.88"],
      "uses" : {
      },
      "http://hl7.org/fhir/R4/valueset-property-representation.html" : "PropertyRepresentation"
    },
    {
      "url" : "http://hl7.org/fhir/publication-status",
      "version" : "4.0.1",
      "status" : "active",
      "name" : "PublicationStatus",
      "title" : "PublicationStatus",
      "description" : "The lifecycle status of an artifact.",
      "oids" : ["2.16.840.1.113883.4.642.4.4"],
      "uses" : {
      },
      "http://hl7.org/fhir/R4/valueset-publication-status.html" : "PublicationStatus"
    },
    {
      "url" : "http://hl7.org/fhir/questionnaire-enable-behavior",
      "version" : "4.0.1",
      "status" : "draft",
      "name" : "EnableWhenBehavior",
      "title" : "EnableWhenBehavior",
      "description" : "Controls how multiple enableWhen values are interpreted -  whether all or any must be true.",
      "oids" : ["2.16.840.1.113883.4.642.4.1008"],
      "uses" : {
      },
      "http://hl7.org/fhir/R4/valueset-questionnaire-enable-behavior.html" : "EnableWhenBehavior"
    },
    {
      "url" : "http://hl7.org/fhir/questionnaire-enable-operator",
      "version" : "4.0.1",
      "status" : "draft",
      "name" : "QuestionnaireItemOperator",
      "title" : "QuestionnaireItemOperator",
      "description" : "The criteria by which a question is enabled.",
      "oids" : ["2.16.840.1.113883.4.642.4.1006"],
      "uses" : {
      },
      "http://hl7.org/fhir/R4/valueset-questionnaire-enable-operator.html" : "QuestionnaireItemOperator"
    },
    {
      "url" : "http://hl7.org/fhir/reference-version-rules",
      "version" : "4.0.1",
      "status" : "active",
      "name" : "ReferenceVersionRules",
      "title" : "ReferenceVersionRules",
      "description" : "Whether a reference needs to be version specific or version independent, or whether either can be used.",
      "oids" : ["2.16.840.1.113883.4.642.4.90"],
      "uses" : {
      },
      "http://hl7.org/fhir/R4/valueset-reference-version-rules.html" : "ReferenceVersionRules"
    },
    {
      "url" : "http://hl7.org/fhir/request-intent",
      "version" : "4.0.1",
      "status" : "draft",
      "name" : "RequestIntent",
      "title" : "RequestIntent",
      "description" : "Codes indicating the degree of authority/intentionality associated with a request.",
      "oids" : ["2.16.840.1.113883.4.642.4.114"],
      "uses" : {
      },
      "http://hl7.org/fhir/R4/valueset-request-intent.html" : "RequestIntent"
    },
    {
      "url" : "http://hl7.org/fhir/request-priority",
      "version" : "4.0.1",
      "status" : "draft",
      "name" : "RequestPriority",
      "title" : "RequestPriority",
      "description" : "Identifies the level of importance to be assigned to actioning the request.",
      "oids" : ["2.16.840.1.113883.4.642.4.116"],
      "uses" : {
      },
      "http://hl7.org/fhir/R4/valueset-request-priority.html" : "Request priority"
    },
    {
      "url" : "http://hl7.org/fhir/request-resource-types",
      "version" : "4.0.1",
      "status" : "draft",
      "name" : "RequestResourceType",
      "title" : "RequestResourceType",
      "description" : "A list of all the request resource types defined in this version of the FHIR specification.",
      "oids" : ["2.16.840.1.113883.4.642.4.1059"],
      "uses" : {
      },
      "http://hl7.org/fhir/R4/valueset-request-resource-types.html" : "RequestResourceType"
    },
    {
      "url" : "http://hl7.org/fhir/request-status",
      "version" : "4.0.1",
      "status" : "draft",
      "name" : "RequestStatus",
      "title" : "RequestStatus",
      "description" : "Codes identifying the lifecycle stage of a request.",
      "oids" : ["2.16.840.1.113883.4.642.4.112"],
      "uses" : {
      },
      "http://hl7.org/fhir/R4/valueset-request-status.html" : "RequestStatus"
    },
    {
      "url" : "http://hl7.org/fhir/resource-aggregation-mode",
      "version" : "4.0.1",
      "status" : "active",
      "name" : "AggregationMode",
      "title" : "AggregationMode",
      "description" : "How resource references can be aggregated.",
      "oids" : ["2.16.840.1.113883.4.642.4.86"],
      "uses" : {
      },
      "http://hl7.org/fhir/R4/valueset-resource-aggregation-mode.html" : "AggregationMode"
    },
    {
      "url" : "http://hl7.org/fhir/resource-slicing-rules",
      "version" : "4.0.1",
      "status" : "active",
      "name" : "SlicingRules",
      "title" : "SlicingRules",
      "description" : "How slices are interpreted when evaluating an instance.",
      "oids" : ["2.16.840.1.113883.4.642.4.84"],
      "uses" : {
      },
      "http://hl7.org/fhir/R4/valueset-resource-slicing-rules.html" : "SlicingRules"
    },
    {
      "url" : "http://hl7.org/fhir/resource-types",
      "version" : "4.0.1",
      "status" : "active",
      "name" : "ResourceType",
      "title" : "ResourceType",
      "description" : "One of the resource types defined as part of this version of FHIR.",
      "uses" : {
      },
      "http://hl7.org/fhir/R4/valueset-subject-type.html" : "Subject type",
      "http://hl7.org/fhir/R4/valueset-resource-types.html" : "ResourceType",
      "http://hl7.org/fhir/R4/valueset-defined-types.html" : "FHIRDefinedType"
    },
    {
      "url" : "http://hl7.org/fhir/spdx-license",
      "version" : "84728b7",
      "status" : "draft",
      "name" : "SPDXLicense",
      "title" : "SPDXLicense",
      "description" : "The license that applies to an Implementation Guide (using an SPDX license Identifiers, or 'not-open-source'). The binding is required but new SPDX license Identifiers are allowed to be used (https://spdx.org/licenses/).",
      "oids" : ["2.16.840.1.113883.4.642.4.1027"],
      "uses" : {
      },
      "http://hl7.org/fhir/R4/valueset-spdx-license.html" : "SPDXLicense"
    },
    {
      "url" : "http://hl7.org/fhir/structure-definition-kind",
      "version" : "4.0.1",
      "status" : "active",
      "name" : "StructureDefinitionKind",
      "title" : "StructureDefinitionKind",
      "description" : "Defines the type of structure that a definition is describing.",
      "oids" : ["2.16.840.1.113883.4.642.4.669"],
      "uses" : {
      },
      "http://hl7.org/fhir/R4/valueset-structure-definition-kind.html" : "StructureDefinitionKind"
    },
    {
      "url" : "http://hl7.org/fhir/type-derivation-rule",
      "version" : "4.0.1",
      "status" : "active",
      "name" : "TypeDerivationRule",
      "title" : "TypeDerivationRule",
      "description" : "How a type relates to its baseDefinition.",
      "oids" : ["2.16.840.1.113883.4.642.4.674"],
      "uses" : {
      },
      "http://hl7.org/fhir/R4/valueset-type-derivation-rule.html" : "TypeDerivationRule"
    },
    {
      "url" : "http://loinc.org",
      "version" : "3.1.0",
      "status" : "active",
      "name" : "LOINC",
      "title" : "Logical Observation Identifiers, Names and Codes (LOINC)",
      "description" : "LOINC provides a set of universal names and ID codes for identifying laboratory and clinical test results.1,2 LOINC facilitates the exchange and pooling of results, such as blood hemoglobin, serum potassium, or vital signs, for clinical care, outcomes management, and research. LOINC's universal identifiers (names and codes) can be used in the context of order and observation exchanges between information systems that use syntax standards such as HL73, CEN TC251, ISO TC215, ASTM4, and DICOM. Specifically, the identifier can be used as the coded value for an observation in any other standard that uses the observation/observation value paradigm, whether messages, documents, application programming interface (API), etc. For example, LOINC codes are used widely in the OBX segment Observation Identifier field (OBX-3) of an ORU HL7 (HL7 version 2.x or ASTM 1238-9410) message that may be sent between a Clinical Laboratory Information Management Systems (LIMS) and Electronic Health Record Systems (EHR).5, 6 In this way, LOINC codes provide universal identifiers that allow the exchange of clinical data between heterogeneous computing environments.",
      "oids" : ["2.16.840.1.113883.6.1"],
      "uses" : {
      },
      "http://hl7.org/fhir/R4/valueset-observation-codes.html" : "LOINC Codes",
      "http://hl7.org/fhir/R4/valueset-questionnaire-questions.html" : "Questionnaire Question Codes"
    },
    {
      "url" : "http://smart.who.int/base/CodeSystem/CDHIv1",
      "version" : "0.2.0",
      "status" : "active",
      "name" : "CDHIv1",
      "title" : "Classification of Digital Health Interventions v1",
      "description" : "CodeSystem for Classification of Digital Health Interventions v1. Autogenerated from DAK artifacts",
      "uses" : {
      },
      "ValueSet-CDHIv1.html" : "Classification of Digital Health Interventions v1"
    },
    {
      "url" : "http://smart.who.int/base/CodeSystem/CDSCv1",
      "version" : "0.2.0",
      "status" : "active",
      "name" : "CDSCv1",
      "title" : "Classification of Digital Health System Categories v1",
      "description" : "CodeSystem for Classification of Digital Health System Categories v1. Autogenerated from DAK artifacts",
      "uses" : {
      },
      "ValueSet-CDSCv1.html" : "Classification of Digital Health System Categories v1"
    },
    {
      "url" : "http://smart.who.int/base/CodeSystem/DecisionTableActions",
      "version" : "0.2.0",
      "status" : "active",
      "name" : "DecisionTableActions",
      "title" : "Smart Guidelines Actions (columns) for Decision Tables",
      "description" : "CodeSystem for Smart Guidelines Documentation Actions for Decision Tables\"",
      "uses" : {
      },
      "ValueSet-DecisionTableActions.html" : "Smart Guidelines Decision Table Actions"
    },
    {
      "url" : "http://smart.who.int/base/CodeSystem/SGPersonaTypes",
      "version" : "0.2.0",
      "status" : "active",
      "name" : "SGPersonaTypes",
      "title" : "SMART Guidelines Persona Types",
      "description" : "CodeSystem for SMART Guidelines Persona Types",
      "uses" : {
      },
      "ValueSet-SGPersonaTypesVS.html" : "Smart Guidelines Persona Types Value Set"
    },
    {
      "url" : "http://snomed.info/sct",
      "version" : null,
      "status" : "active",
      "name" : "SNOMED_CT",
      "title" : "SNOMED CT (all versions)",
      "description" : "SNOMED CT is the most comprehensive and precise clinical health terminology product in the world, owned and distributed around the world by The International Health Terminology Standards Development Organisation (IHTSDO).",
      "oids" : ["2.16.840.1.113883.6.96"],
      "uses" : {
      },
      "http://hl7.org/fhir/R4/valueset-designation-use.html" : "Designation Use",
      "http://hl7.org/fhir/R4/valueset-medication-codes.html" : "SNOMED CT Medication Codes",
      "http://hl7.org/fhir/R4/valueset-body-site.html" : "SNOMED CT Body Structures",
      "http://hl7.org/fhir/R4/valueset-condition-code.html" : "Condition/Problem/Diagnosis Codes",
      "http://hl7.org/fhir/R4/valueset-goal-start-event.html" : "Goal start event",
      "http://hl7.org/fhir/R4/valueset-clinical-findings.html" : "SNOMED CT Clinical Findings",
      "http://hl7.org/fhir/R4/valueset-questionnaire-answers.html" : "Questionnaire Answer Codes",
      "http://hl7.org/fhir/R4/valueset-procedure-code.html" : "Procedure Codes (SNOMED CT)"
    },
    {
      "url" : "http://terminology.hl7.org/CodeSystem/action-type",
      "version" : "1.0.1",
      "status" : "active",
      "name" : "ActionType",
      "title" : "ActionType",
      "description" : "The type of action to be performed.",
      "oids" : ["2.16.840.1.113883.4.642.1.1246"],
      "uses" : {
      },
      "http://hl7.org/fhir/R4/valueset-action-type.html" : "ActionType"
    },
    {
      "url" : "http://terminology.hl7.org/CodeSystem/communication-category",
      "version" : "1.0.1",
      "status" : "active",
      "name" : "CommunicationCategory",
      "title" : "CommunicationCategory",
      "description" : "Codes for general categories of communications such as alerts, instructions, etc.",
      "oids" : ["2.16.840.1.113883.4.642.1.1076"],
      "uses" : {
      },
      "http://hl7.org/fhir/R4/valueset-communication-category.html" : "CommunicationCategory"
    },
    {
      "url" : "http://terminology.hl7.org/CodeSystem/composite-measure-scoring",
      "version" : "1.0.1",
      "status" : "active",
      "name" : "CompositeMeasureScoring",
      "title" : "CompositeMeasureScoring",
      "description" : "The composite scoring method of the measure.",
      "oids" : ["2.16.840.1.113883.4.642.1.1235"],
      "uses" : {
      },
      "http://hl7.org/fhir/R4/valueset-composite-measure-scoring.html" : "CompositeMeasureScoring"
    },
    {
      "url" : "http://terminology.hl7.org/CodeSystem/definition-topic",
      "version" : "1.0.1",
      "status" : "active",
      "name" : "DefinitionTopic",
      "title" : "DefinitionTopic",
      "description" : "High-level categorization of the definition, used for searching, sorting, and filtering.",
      "oids" : ["2.16.840.1.113883.4.642.1.1244"],
      "uses" : {
      },
      "http://hl7.org/fhir/R4/valueset-definition-topic.html" : "DefinitionTopic"
    },
    {
      "url" : "http://terminology.hl7.org/CodeSystem/definition-use",
      "version" : "2.0.0",
      "status" : "active",
      "name" : "DefinitionUseCodes",
      "title" : "Structure Definition Use Codes / Keywords",
      "description" : "Structure Definition Use Codes / Keywords",
      "oids" : ["2.16.840.1.113883.4.642.1.1191"],
      "uses" : {
      },
      "http://hl7.org/fhir/R4/valueset-definition-use.html" : "Structure Definition Use Codes / Keywords"
    },
    {
      "url" : "http://terminology.hl7.org/CodeSystem/goal-category",
      "version" : "1.0.1",
      "status" : "active",
      "name" : "GoalCategory",
      "title" : "Goal category",
      "description" : "Example codes for grouping goals to use for filtering or presentation.",
      "oids" : ["2.16.840.1.113883.4.642.1.1097"],
      "uses" : {
      },
      "http://hl7.org/fhir/R4/valueset-goal-category.html" : "Goal category"
    },
    {
      "url" : "http://terminology.hl7.org/CodeSystem/goal-priority",
      "version" : "1.0.1",
      "status" : "active",
      "name" : "GoalPriority",
      "title" : "Goal priority",
      "description" : "Indicates the level of importance associated with reaching or sustaining a goal.",
      "oids" : ["2.16.840.1.113883.4.642.1.1096"],
      "uses" : {
      },
      "http://hl7.org/fhir/R4/valueset-goal-priority.html" : "Goal priority"
    },
    {
      "url" : "http://terminology.hl7.org/CodeSystem/library-type",
      "version" : "1.0.1",
      "status" : "active",
      "name" : "LibraryType",
      "title" : "LibraryType",
      "description" : "The type of knowledge asset this library contains.",
      "oids" : ["2.16.840.1.113883.4.642.1.1230"],
      "uses" : {
      },
      "http://hl7.org/fhir/R4/valueset-library-type.html" : "LibraryType"
    },
    {
      "url" : "http://terminology.hl7.org/CodeSystem/measure-data-usage",
      "version" : "1.0.1",
      "status" : "active",
      "name" : "MeasureDataUsage",
      "title" : "MeasureDataUsage",
      "description" : "The intended usage for supplemental data elements in the measure.",
      "oids" : ["2.16.840.1.113883.4.642.1.1234"],
      "uses" : {
      },
      "http://hl7.org/fhir/R4/valueset-measure-data-usage.html" : "MeasureDataUsage"
    },
    {
      "url" : "http://terminology.hl7.org/CodeSystem/measure-improvement-notation",
      "version" : "1.0.1",
      "status" : "active",
      "name" : "MeasureImprovementNotation",
      "title" : "MeasureImprovementNotation",
      "description" : "Observation values that indicate what change in a measurement value or score is indicative of an improvement in the measured item or scored issue.",
      "oids" : ["2.16.840.1.113883.4.642.1.1395"],
      "uses" : {
      },
      "http://hl7.org/fhir/R4/valueset-measure-improvement-notation.html" : "MeasureImprovementNotation"
    },
    {
      "url" : "http://terminology.hl7.org/CodeSystem/measure-population",
      "version" : "2.0.0",
      "status" : "active",
      "name" : "MeasurePopulationType",
      "title" : "Measure Population Type",
      "description" : "The type of population.",
      "oids" : ["2.16.840.1.113883.4.642.1.1231"],
      "uses" : {
      },
      "http://hl7.org/fhir/R4/valueset-measure-population.html" : "MeasurePopulationType"
    },
    {
      "url" : "http://terminology.hl7.org/CodeSystem/measure-scoring",
      "version" : "4.0.0",
      "status" : "active",
      "name" : "MeasureScoring",
      "title" : "Measure Scoring",
      "description" : "The scoring type of the measure.",
      "oids" : ["2.16.840.1.113883.4.642.1.1232"],
      "uses" : {
      },
      "http://hl7.org/fhir/R4/valueset-measure-scoring.html" : "MeasureScoring"
    },
    {
      "url" : "http://terminology.hl7.org/CodeSystem/measure-type",
      "version" : "3.0.1",
      "status" : "active",
      "name" : "MeasureType",
      "title" : "MeasureType",
      "description" : "The type of measure (includes codes from 2.16.840.1.113883.1.11.20368).",
      "oids" : ["2.16.840.1.113883.4.642.1.1233"],
      "uses" : {
      },
      "http://hl7.org/fhir/R4/valueset-measure-type.html" : "MeasureType"
    },
    {
      "url" : "http://terminology.hl7.org/CodeSystem/plan-definition-type",
      "version" : "1.0.1",
      "status" : "active",
      "name" : "PlanDefinitionType",
      "title" : "PlanDefinitionType",
      "description" : "The type of PlanDefinition.",
      "oids" : ["2.16.840.1.113883.4.642.1.1245"],
      "uses" : {
      },
      "http://hl7.org/fhir/R4/valueset-plan-definition-type.html" : "PlanDefinitionType"
    },
    {
      "url" : "http://terminology.hl7.org/CodeSystem/v2-0203",
      "version" : "4.0.0",
      "status" : "active",
      "name" : "IdentifierType",
      "title" : "identifierType",
      "description" : "HL7-defined code system of concepts specifying type of identifier. Used in HL7 Version 2.x messaging data types CX, PLN, PPN, XCN and XON.",
      "oids" : ["2.16.840.1.113883.18.108"],
      "uses" : {
      },
      "http://hl7.org/fhir/R4/valueset-identifier-type.html" : "IdentifierType"
    },
    {
      "url" : "http://terminology.hl7.org/CodeSystem/v3-ActReason",
      "version" : "3.1.0",
      "status" : "active",
      "name" : "ActReason",
      "title" : "ActReason",
      "description" : "A set of codes specifying the motivation, cause, or rationale of an Act, when such rationale is not reasonably represented as an ActRelationship of type \"has reason\" linking to another Act.\r\n\r\n*Examples:* Example reasons that might qualify for being coded in this field might be: \"routine requirement\", \"infectious disease reporting requirement\", \"on patient request\", \"required by law\".",
      "oids" : ["2.16.840.1.113883.5.8"],
      "uses" : {
      },
      "http://terminology.hl7.org/6.1.0/ValueSet-v3-ActReason.html" : "v3 Code System ActReason"
    },
    {
      "url" : "http://terminology.hl7.org/CodeSystem/v3-ParticipationMode",
      "version" : "4.0.0",
      "status" : "active",
      "name" : "ParticipationMode",
      "title" : "ParticipationMode",
      "description" : "A set of codes specifying the modality by which the Entity playing the Role is participating in the Act.\r\n\r\n*Examples:* Physically present, over the telephone, written communication.\r\n\r\n*Rationale:* Particularly for author (originator) participants this is used to specify whether the information represented by the act was initially provided verbally, (hand-)written, or electronically.\r\n\r\n*Open Issue:* There needs to be a reexamination of the hierarchies as there seems to be some muddling between ELECTRONIC and other concepts that involve electronic communication that are in other hierarchies.",
      "oids" : ["2.16.840.1.113883.5.1064"],
      "uses" : {
      },
      "http://terminology.hl7.org/6.1.0/ValueSet-v3-ParticipationMode.html" : "ParticipationMode"
    },
    {
      "url" : "http://www.ilo.org/public/english/bureau/stat/isco/isco08/",
      "version" : "0.2.0",
      "status" : "active",
      "name" : "ISCO08",
      "title" : "International Standard Classification of Occupations 2008",
      "description" : "ISCO-08 codes from the International Labour Organization official classification",
      "uses" : {
      },
      "ValueSet-ISCO08ValueSet.html" : "ISCO-08 Value Set"
    },
    {
      "url" : "urn:ietf:bcp:47",
      "version" : "2.0.1",
      "status" : "active",
      "name" : "Ietf3066",
      "title" : "Tags for the Identification of Languages",
      "description" : "Older value from OID registry.  Superceded; see recommendations in BCP-47.",
      "oids" : ["2.16.840.1.113883.6.121"],
      "uses" : {
      },
      "http://hl7.org/fhir/R4/valueset-languages.html" : "Common Languages",
      "http://hl7.org/fhir/R5/valueset-all-languages.html" : "All Languages"
    },
    {
      "url" : "urn:iso:std:iso:3166",
      "version" : "1.0.1",
      "status" : "active",
      "name" : "ISO3166Part1",
      "title" : "ISO 3166-1 Codes for the representation of names of countries and their subdivisions — Part 1: Country code",
      "description" : "ISO 3166-1 establishes codes that represent the current names of countries, dependencies, and other areas of particular geopolitical interest, on the basis of country names obtained from the United Nations.",
      "oids" : ["1.0.3166.1"],
      "uses" : {
      },
      "http://hl7.org/fhir/R4/valueset-jurisdiction.html" : "Jurisdiction",
      "http://hl7.org/fhir/R5/valueset-jurisdiction.html" : "Jurisdiction ValueSet"
    },
    {
      "url" : "urn:iso:std:iso:3166:-2",
      "version" : "1.0.1",
      "status" : "active",
      "name" : "ISO3166Part2",
      "title" : "ISO 3166-2 Codes for the representation of names of countries and their subdivisions — Part 2: Country subdivision code",
      "description" : "ISO 3166-2 establishes a code that represents the names of the principal administrative divisions, or similar areas, of the countries and entities included in ISO 3166-1.",
      "oids" : ["1.0.3166.2"],
      "uses" : {
      },
      "http://hl7.org/fhir/R4/valueset-jurisdiction.html" : "Jurisdiction",
      "http://hl7.org/fhir/R5/valueset-jurisdiction.html" : "Jurisdiction ValueSet"
    }
  ]
}
