<?xml version="1.0" encoding="UTF-8"?>

<ConceptMap xmlns="http://hl7.org/fhir">
  <id value="CDHIv1Hierarchy"/>
  <text>
    <status value="generated"/><div xmlns="http://www.w3.org/1999/xhtml"><p class="res-header-id"><b>Generated Narrative: ConceptMap CDHIv1Hierarchy</b></p><a name="CDHIv1Hierarchy"> </a><a name="hcCDHIv1Hierarchy"> </a><p>Mapping from <a href="ValueSet-CDHIv1.html">Classification of Digital Health Interventions v1</a> to <a href="ValueSet-CDHIv1.html">Classification of Digital Health Interventions v1</a></p><br/><p><b>Group 1 </b>Mapping from <a href="ValueSet-CDHIv1.html">Classification of Digital Health Interventions v1</a> to <a href="ValueSet-CDHIv1.html">Classification of Digital Health Interventions v1</a></p><table class="grid"><tr><td><b>Source Code</b></td><td><b>Relationship</b></td><td><b>Target Code</b></td></tr><tr><td>1.0</td><td><a href="http://hl7.org/fhir/R5/codesystem-concept-map-relationship.html#narrower" title="narrower">narrower</a></td><td>1</td></tr><tr><td>1.1</td><td><a href="http://hl7.org/fhir/R5/codesystem-concept-map-relationship.html#narrower" title="narrower">narrower</a></td><td>1</td></tr><tr><td>1.1.1</td><td><a href="http://hl7.org/fhir/R5/codesystem-concept-map-relationship.html#narrower" title="narrower">narrower</a></td><td>1.1</td></tr><tr><td>1.1.2</td><td><a href="http://hl7.org/fhir/R5/codesystem-concept-map-relationship.html#narrower" title="narrower">narrower</a></td><td>1.1</td></tr><tr><td>1.1.3</td><td><a href="http://hl7.org/fhir/R5/codesystem-concept-map-relationship.html#narrower" title="narrower">narrower</a></td><td>1.1</td></tr><tr><td>1.1.4</td><td><a href="http://hl7.org/fhir/R5/codesystem-concept-map-relationship.html#narrower" title="narrower">narrower</a></td><td>1.1</td></tr><tr><td>1.2</td><td><a href="http://hl7.org/fhir/R5/codesystem-concept-map-relationship.html#narrower" title="narrower">narrower</a></td><td>1</td></tr><tr><td>1.2.1</td><td><a href="http://hl7.org/fhir/R5/codesystem-concept-map-relationship.html#narrower" title="narrower">narrower</a></td><td>1.2</td></tr><tr><td>1.2.2</td><td><a href="http://hl7.org/fhir/R5/codesystem-concept-map-relationship.html#narrower" title="narrower">narrower</a></td><td>1.2</td></tr><tr><td>1.3</td><td><a href="http://hl7.org/fhir/R5/codesystem-concept-map-relationship.html#narrower" title="narrower">narrower</a></td><td>1</td></tr><tr><td>1.3.1</td><td><a href="http://hl7.org/fhir/R5/codesystem-concept-map-relationship.html#narrower" title="narrower">narrower</a></td><td>1.3</td></tr><tr><td>1.4</td><td><a href="http://hl7.org/fhir/R5/codesystem-concept-map-relationship.html#narrower" title="narrower">narrower</a></td><td>1</td></tr><tr><td>1.4.1</td><td><a href="http://hl7.org/fhir/R5/codesystem-concept-map-relationship.html#narrower" title="narrower">narrower</a></td><td>1.4</td></tr><tr><td>1.4.2</td><td><a href="http://hl7.org/fhir/R5/codesystem-concept-map-relationship.html#narrower" title="narrower">narrower</a></td><td>1.4</td></tr><tr><td>1.4.3</td><td><a href="http://hl7.org/fhir/R5/codesystem-concept-map-relationship.html#narrower" title="narrower">narrower</a></td><td>1.4</td></tr><tr><td>1.5</td><td><a href="http://hl7.org/fhir/R5/codesystem-concept-map-relationship.html#narrower" title="narrower">narrower</a></td><td>1</td></tr><tr><td>1.5.1</td><td><a href="http://hl7.org/fhir/R5/codesystem-concept-map-relationship.html#narrower" title="narrower">narrower</a></td><td>1.5</td></tr><tr><td>1.5.2</td><td><a href="http://hl7.org/fhir/R5/codesystem-concept-map-relationship.html#narrower" title="narrower">narrower</a></td><td>1.5</td></tr><tr><td>1.6</td><td><a href="http://hl7.org/fhir/R5/codesystem-concept-map-relationship.html#narrower" title="narrower">narrower</a></td><td>1</td></tr><tr><td>1.6.1</td><td><a href="http://hl7.org/fhir/R5/codesystem-concept-map-relationship.html#narrower" title="narrower">narrower</a></td><td>1.6</td></tr><tr><td>1.7</td><td><a href="http://hl7.org/fhir/R5/codesystem-concept-map-relationship.html#narrower" title="narrower">narrower</a></td><td>1</td></tr><tr><td>1.7.1</td><td><a href="http://hl7.org/fhir/R5/codesystem-concept-map-relationship.html#narrower" title="narrower">narrower</a></td><td>1.7</td></tr><tr><td>1.7.2</td><td><a href="http://hl7.org/fhir/R5/codesystem-concept-map-relationship.html#narrower" title="narrower">narrower</a></td><td>1.7</td></tr><tr><td>1.7.3</td><td><a href="http://hl7.org/fhir/R5/codesystem-concept-map-relationship.html#narrower" title="narrower">narrower</a></td><td>1.7</td></tr><tr><td>2.0</td><td><a href="http://hl7.org/fhir/R5/codesystem-concept-map-relationship.html#narrower" title="narrower">narrower</a></td><td>2</td></tr><tr><td>2.1</td><td><a href="http://hl7.org/fhir/R5/codesystem-concept-map-relationship.html#narrower" title="narrower">narrower</a></td><td>2</td></tr><tr><td>2.1.1</td><td><a href="http://hl7.org/fhir/R5/codesystem-concept-map-relationship.html#narrower" title="narrower">narrower</a></td><td>2.1</td></tr><tr><td>2.1.2</td><td><a href="http://hl7.org/fhir/R5/codesystem-concept-map-relationship.html#narrower" title="narrower">narrower</a></td><td>2.1</td></tr><tr><td>2.2</td><td><a href="http://hl7.org/fhir/R5/codesystem-concept-map-relationship.html#narrower" title="narrower">narrower</a></td><td>2</td></tr><tr><td>2.2.1</td><td><a href="http://hl7.org/fhir/R5/codesystem-concept-map-relationship.html#narrower" title="narrower">narrower</a></td><td>2.2</td></tr><tr><td>2.2.2</td><td><a href="http://hl7.org/fhir/R5/codesystem-concept-map-relationship.html#narrower" title="narrower">narrower</a></td><td>2.2</td></tr><tr><td>2.2.3</td><td><a href="http://hl7.org/fhir/R5/codesystem-concept-map-relationship.html#narrower" title="narrower">narrower</a></td><td>2.2</td></tr><tr><td>2.2.4</td><td><a href="http://hl7.org/fhir/R5/codesystem-concept-map-relationship.html#narrower" title="narrower">narrower</a></td><td>2.2</td></tr><tr><td>2.3</td><td><a href="http://hl7.org/fhir/R5/codesystem-concept-map-relationship.html#narrower" title="narrower">narrower</a></td><td>2</td></tr><tr><td>2.3.1</td><td><a href="http://hl7.org/fhir/R5/codesystem-concept-map-relationship.html#narrower" title="narrower">narrower</a></td><td>2.3</td></tr><tr><td>2.3.2</td><td><a href="http://hl7.org/fhir/R5/codesystem-concept-map-relationship.html#narrower" title="narrower">narrower</a></td><td>2.3</td></tr><tr><td>2.3.3</td><td><a href="http://hl7.org/fhir/R5/codesystem-concept-map-relationship.html#narrower" title="narrower">narrower</a></td><td>2.3</td></tr><tr><td>2.4</td><td><a href="http://hl7.org/fhir/R5/codesystem-concept-map-relationship.html#narrower" title="narrower">narrower</a></td><td>2</td></tr><tr><td>2.4.1</td><td><a href="http://hl7.org/fhir/R5/codesystem-concept-map-relationship.html#narrower" title="narrower">narrower</a></td><td>2.4</td></tr><tr><td>2.4.2</td><td><a href="http://hl7.org/fhir/R5/codesystem-concept-map-relationship.html#narrower" title="narrower">narrower</a></td><td>2.4</td></tr><tr><td>2.4.3</td><td><a href="http://hl7.org/fhir/R5/codesystem-concept-map-relationship.html#narrower" title="narrower">narrower</a></td><td>2.4</td></tr><tr><td>2.4.4</td><td><a href="http://hl7.org/fhir/R5/codesystem-concept-map-relationship.html#narrower" title="narrower">narrower</a></td><td>2.4</td></tr><tr><td>2.5</td><td><a href="http://hl7.org/fhir/R5/codesystem-concept-map-relationship.html#narrower" title="narrower">narrower</a></td><td>2</td></tr><tr><td>2.5.1</td><td><a href="http://hl7.org/fhir/R5/codesystem-concept-map-relationship.html#narrower" title="narrower">narrower</a></td><td>2.5</td></tr><tr><td>2.5.2</td><td><a href="http://hl7.org/fhir/R5/codesystem-concept-map-relationship.html#narrower" title="narrower">narrower</a></td><td>2.5</td></tr><tr><td>2.5.3</td><td><a href="http://hl7.org/fhir/R5/codesystem-concept-map-relationship.html#narrower" title="narrower">narrower</a></td><td>2.5</td></tr><tr><td>2.5.4</td><td><a href="http://hl7.org/fhir/R5/codesystem-concept-map-relationship.html#narrower" title="narrower">narrower</a></td><td>2.5</td></tr><tr><td>2.5.5</td><td><a href="http://hl7.org/fhir/R5/codesystem-concept-map-relationship.html#narrower" title="narrower">narrower</a></td><td>2.5</td></tr><tr><td>2.6</td><td><a href="http://hl7.org/fhir/R5/codesystem-concept-map-relationship.html#narrower" title="narrower">narrower</a></td><td>2</td></tr><tr><td>2.6.1</td><td><a href="http://hl7.org/fhir/R5/codesystem-concept-map-relationship.html#narrower" title="narrower">narrower</a></td><td>2.6</td></tr><tr><td>2.6.2</td><td><a href="http://hl7.org/fhir/R5/codesystem-concept-map-relationship.html#narrower" title="narrower">narrower</a></td><td>2.6</td></tr><tr><td>2.6.3</td><td><a href="http://hl7.org/fhir/R5/codesystem-concept-map-relationship.html#narrower" title="narrower">narrower</a></td><td>2.6</td></tr><tr><td>2.7</td><td><a href="http://hl7.org/fhir/R5/codesystem-concept-map-relationship.html#narrower" title="narrower">narrower</a></td><td>2</td></tr><tr><td>2.7.1</td><td><a href="http://hl7.org/fhir/R5/codesystem-concept-map-relationship.html#narrower" title="narrower">narrower</a></td><td>2.7</td></tr><tr><td>2.7.2</td><td><a href="http://hl7.org/fhir/R5/codesystem-concept-map-relationship.html#narrower" title="narrower">narrower</a></td><td>2.7</td></tr><tr><td>2.8</td><td><a href="http://hl7.org/fhir/R5/codesystem-concept-map-relationship.html#narrower" title="narrower">narrower</a></td><td>2</td></tr><tr><td>2.8.1</td><td><a href="http://hl7.org/fhir/R5/codesystem-concept-map-relationship.html#narrower" title="narrower">narrower</a></td><td>2.8</td></tr><tr><td>2.8.2</td><td><a href="http://hl7.org/fhir/R5/codesystem-concept-map-relationship.html#narrower" title="narrower">narrower</a></td><td>2.8</td></tr><tr><td>2.9</td><td><a href="http://hl7.org/fhir/R5/codesystem-concept-map-relationship.html#narrower" title="narrower">narrower</a></td><td>2</td></tr><tr><td>2.9.1</td><td><a href="http://hl7.org/fhir/R5/codesystem-concept-map-relationship.html#narrower" title="narrower">narrower</a></td><td>2.9</td></tr><tr><td>2.9.2</td><td><a href="http://hl7.org/fhir/R5/codesystem-concept-map-relationship.html#narrower" title="narrower">narrower</a></td><td>2.9</td></tr><tr><td>2.9.3</td><td><a href="http://hl7.org/fhir/R5/codesystem-concept-map-relationship.html#narrower" title="narrower">narrower</a></td><td>2.9</td></tr><tr><td>2.10</td><td><a href="http://hl7.org/fhir/R5/codesystem-concept-map-relationship.html#narrower" title="narrower">narrower</a></td><td>2</td></tr><tr><td>2.10.1</td><td><a href="http://hl7.org/fhir/R5/codesystem-concept-map-relationship.html#narrower" title="narrower">narrower</a></td><td>2.10</td></tr><tr><td>2.10.2</td><td><a href="http://hl7.org/fhir/R5/codesystem-concept-map-relationship.html#narrower" title="narrower">narrower</a></td><td>2.10</td></tr><tr><td>2.10.3</td><td><a href="http://hl7.org/fhir/R5/codesystem-concept-map-relationship.html#narrower" title="narrower">narrower</a></td><td>2.10</td></tr><tr><td>2.10.4</td><td><a href="http://hl7.org/fhir/R5/codesystem-concept-map-relationship.html#narrower" title="narrower">narrower</a></td><td>2.10</td></tr><tr><td>3.0</td><td><a href="http://hl7.org/fhir/R5/codesystem-concept-map-relationship.html#narrower" title="narrower">narrower</a></td><td>3</td></tr><tr><td>3.1</td><td><a href="http://hl7.org/fhir/R5/codesystem-concept-map-relationship.html#narrower" title="narrower">narrower</a></td><td>3</td></tr><tr><td>3.1.1</td><td><a href="http://hl7.org/fhir/R5/codesystem-concept-map-relationship.html#narrower" title="narrower">narrower</a></td><td>3.1</td></tr><tr><td>3.1.2</td><td><a href="http://hl7.org/fhir/R5/codesystem-concept-map-relationship.html#narrower" title="narrower">narrower</a></td><td>3.1</td></tr><tr><td>3.1.3</td><td><a href="http://hl7.org/fhir/R5/codesystem-concept-map-relationship.html#narrower" title="narrower">narrower</a></td><td>3.1</td></tr><tr><td>3.1.4</td><td><a href="http://hl7.org/fhir/R5/codesystem-concept-map-relationship.html#narrower" title="narrower">narrower</a></td><td>3.1</td></tr><tr><td>3.2</td><td><a href="http://hl7.org/fhir/R5/codesystem-concept-map-relationship.html#narrower" title="narrower">narrower</a></td><td>3</td></tr><tr><td>3.2.1</td><td><a href="http://hl7.org/fhir/R5/codesystem-concept-map-relationship.html#narrower" title="narrower">narrower</a></td><td>3.2</td></tr><tr><td>3.2.2</td><td><a href="http://hl7.org/fhir/R5/codesystem-concept-map-relationship.html#narrower" title="narrower">narrower</a></td><td>3.2</td></tr><tr><td>3.2.3</td><td><a href="http://hl7.org/fhir/R5/codesystem-concept-map-relationship.html#narrower" title="narrower">narrower</a></td><td>3.2</td></tr><tr><td>3.2.4</td><td><a href="http://hl7.org/fhir/R5/codesystem-concept-map-relationship.html#narrower" title="narrower">narrower</a></td><td>3.2</td></tr><tr><td>3.2.5</td><td><a href="http://hl7.org/fhir/R5/codesystem-concept-map-relationship.html#narrower" title="narrower">narrower</a></td><td>3.2</td></tr><tr><td>3.2.6</td><td><a href="http://hl7.org/fhir/R5/codesystem-concept-map-relationship.html#narrower" title="narrower">narrower</a></td><td>3.2</td></tr><tr><td>3.3</td><td><a href="http://hl7.org/fhir/R5/codesystem-concept-map-relationship.html#narrower" title="narrower">narrower</a></td><td>3</td></tr><tr><td>3.3.1</td><td><a href="http://hl7.org/fhir/R5/codesystem-concept-map-relationship.html#narrower" title="narrower">narrower</a></td><td>3.3</td></tr><tr><td>3.4</td><td><a href="http://hl7.org/fhir/R5/codesystem-concept-map-relationship.html#narrower" title="narrower">narrower</a></td><td>3</td></tr><tr><td>3.4.1</td><td><a href="http://hl7.org/fhir/R5/codesystem-concept-map-relationship.html#narrower" title="narrower">narrower</a></td><td>3.4</td></tr><tr><td>3.4.2</td><td><a href="http://hl7.org/fhir/R5/codesystem-concept-map-relationship.html#narrower" title="narrower">narrower</a></td><td>3.4</td></tr><tr><td>3.4.3</td><td><a href="http://hl7.org/fhir/R5/codesystem-concept-map-relationship.html#narrower" title="narrower">narrower</a></td><td>3.4</td></tr><tr><td>3.4.4</td><td><a href="http://hl7.org/fhir/R5/codesystem-concept-map-relationship.html#narrower" title="narrower">narrower</a></td><td>3.4</td></tr><tr><td>3.4.5</td><td><a href="http://hl7.org/fhir/R5/codesystem-concept-map-relationship.html#narrower" title="narrower">narrower</a></td><td>3.4</td></tr><tr><td>3.4.6</td><td><a href="http://hl7.org/fhir/R5/codesystem-concept-map-relationship.html#narrower" title="narrower">narrower</a></td><td>3.4</td></tr><tr><td>3.5</td><td><a href="http://hl7.org/fhir/R5/codesystem-concept-map-relationship.html#narrower" title="narrower">narrower</a></td><td>3</td></tr><tr><td>3.5.1</td><td><a href="http://hl7.org/fhir/R5/codesystem-concept-map-relationship.html#narrower" title="narrower">narrower</a></td><td>3.5</td></tr><tr><td>3.5.2</td><td><a href="http://hl7.org/fhir/R5/codesystem-concept-map-relationship.html#narrower" title="narrower">narrower</a></td><td>3.5</td></tr><tr><td>3.5.3</td><td><a href="http://hl7.org/fhir/R5/codesystem-concept-map-relationship.html#narrower" title="narrower">narrower</a></td><td>3.5</td></tr><tr><td>3.5.4</td><td><a href="http://hl7.org/fhir/R5/codesystem-concept-map-relationship.html#narrower" title="narrower">narrower</a></td><td>3.5</td></tr><tr><td>3.5.5</td><td><a href="http://hl7.org/fhir/R5/codesystem-concept-map-relationship.html#narrower" title="narrower">narrower</a></td><td>3.5</td></tr><tr><td>3.5.6</td><td><a href="http://hl7.org/fhir/R5/codesystem-concept-map-relationship.html#narrower" title="narrower">narrower</a></td><td>3.5</td></tr><tr><td>3.6</td><td><a href="http://hl7.org/fhir/R5/codesystem-concept-map-relationship.html#narrower" title="narrower">narrower</a></td><td>3</td></tr><tr><td>3.6.1</td><td><a href="http://hl7.org/fhir/R5/codesystem-concept-map-relationship.html#narrower" title="narrower">narrower</a></td><td>3.6</td></tr><tr><td>3.6.2</td><td><a href="http://hl7.org/fhir/R5/codesystem-concept-map-relationship.html#narrower" title="narrower">narrower</a></td><td>3.6</td></tr><tr><td>3.7</td><td><a href="http://hl7.org/fhir/R5/codesystem-concept-map-relationship.html#narrower" title="narrower">narrower</a></td><td>3</td></tr><tr><td>3.7.1</td><td><a href="http://hl7.org/fhir/R5/codesystem-concept-map-relationship.html#narrower" title="narrower">narrower</a></td><td>3.7</td></tr><tr><td>3.7.2</td><td><a href="http://hl7.org/fhir/R5/codesystem-concept-map-relationship.html#narrower" title="narrower">narrower</a></td><td>3.7</td></tr><tr><td>4.0</td><td><a href="http://hl7.org/fhir/R5/codesystem-concept-map-relationship.html#narrower" title="narrower">narrower</a></td><td>4</td></tr><tr><td>4.1</td><td><a href="http://hl7.org/fhir/R5/codesystem-concept-map-relationship.html#narrower" title="narrower">narrower</a></td><td>4</td></tr><tr><td>4.1.1</td><td><a href="http://hl7.org/fhir/R5/codesystem-concept-map-relationship.html#narrower" title="narrower">narrower</a></td><td>4.1</td></tr><tr><td>4.1.2</td><td><a href="http://hl7.org/fhir/R5/codesystem-concept-map-relationship.html#narrower" title="narrower">narrower</a></td><td>4.1</td></tr><tr><td>4.1.3</td><td><a href="http://hl7.org/fhir/R5/codesystem-concept-map-relationship.html#narrower" title="narrower">narrower</a></td><td>4.1</td></tr><tr><td>4.1.4</td><td><a href="http://hl7.org/fhir/R5/codesystem-concept-map-relationship.html#narrower" title="narrower">narrower</a></td><td>4.1</td></tr><tr><td>4.2</td><td><a href="http://hl7.org/fhir/R5/codesystem-concept-map-relationship.html#narrower" title="narrower">narrower</a></td><td>4</td></tr><tr><td>4.2.1</td><td><a href="http://hl7.org/fhir/R5/codesystem-concept-map-relationship.html#narrower" title="narrower">narrower</a></td><td>4.2</td></tr><tr><td>4.2.2</td><td><a href="http://hl7.org/fhir/R5/codesystem-concept-map-relationship.html#narrower" title="narrower">narrower</a></td><td>4.2</td></tr><tr><td>4.2.3</td><td><a href="http://hl7.org/fhir/R5/codesystem-concept-map-relationship.html#narrower" title="narrower">narrower</a></td><td>4.2</td></tr><tr><td>4.3</td><td><a href="http://hl7.org/fhir/R5/codesystem-concept-map-relationship.html#narrower" title="narrower">narrower</a></td><td>4</td></tr><tr><td>4.3.1</td><td><a href="http://hl7.org/fhir/R5/codesystem-concept-map-relationship.html#narrower" title="narrower">narrower</a></td><td>4.3</td></tr><tr><td>4.3.2</td><td><a href="http://hl7.org/fhir/R5/codesystem-concept-map-relationship.html#narrower" title="narrower">narrower</a></td><td>4.3</td></tr><tr><td>4.3.3</td><td><a href="http://hl7.org/fhir/R5/codesystem-concept-map-relationship.html#narrower" title="narrower">narrower</a></td><td>4.3</td></tr><tr><td>4.3.4</td><td><a href="http://hl7.org/fhir/R5/codesystem-concept-map-relationship.html#narrower" title="narrower">narrower</a></td><td>4.3</td></tr><tr><td>4.4</td><td><a href="http://hl7.org/fhir/R5/codesystem-concept-map-relationship.html#narrower" title="narrower">narrower</a></td><td>4</td></tr><tr><td>4.4.1</td><td><a href="http://hl7.org/fhir/R5/codesystem-concept-map-relationship.html#narrower" title="narrower">narrower</a></td><td>4.4</td></tr></table></div>
  </text>
  <url value="http://smart.who.int/base/ConceptMap/CDHIv1Hierarchy"/>
  <version value="0.2.0"/>
  <name value="CDHIv1Hierarchy"/>
  <title value="Hierarchy of the Classification of Digital Health Interventions v1"/>
  <status value="active"/>
  <experimental value="false"/>
  <date value="2025-09-23T00:27:54+00:00"/>
  <publisher value="WHO"/>
  <contact>
    <name value="WHO"/>
    <telecom>
      <system value="url"/>
      <value value="http://who.int"/>
    </telecom>
  </contact>
  <description value="Mapping to represent hierarchy within Hierarchy of the Classification of Digital Health Interventions v1."/>
  <sourceCanonical value="http://smart.who.int/base/ValueSet/CDHIv1"/>
  <targetCanonical value="http://smart.who.int/base/ValueSet/CDHIv1"/>
  <group>
    <source value="http://smart.who.int/base/ValueSet/CDHIv1"/>
    <target value="http://smart.who.int/base/ValueSet/CDHIv1"/>
    <element>
      <code value="1.0"/>
      <target>
        <code value="1"/>
        <equivalence value="narrower"/>
      </target>
    </element>
    <element>
      <code value="1.1"/>
      <target>
        <code value="1"/>
        <equivalence value="narrower"/>
      </target>
    </element>
    <element>
      <code value="1.1.1"/>
      <target>
        <code value="1.1"/>
        <equivalence value="narrower"/>
      </target>
    </element>
    <element>
      <code value="1.1.2"/>
      <target>
        <code value="1.1"/>
        <equivalence value="narrower"/>
      </target>
    </element>
    <element>
      <code value="1.1.3"/>
      <target>
        <code value="1.1"/>
        <equivalence value="narrower"/>
      </target>
    </element>
    <element>
      <code value="1.1.4"/>
      <target>
        <code value="1.1"/>
        <equivalence value="narrower"/>
      </target>
    </element>
    <element>
      <code value="1.2"/>
      <target>
        <code value="1"/>
        <equivalence value="narrower"/>
      </target>
    </element>
    <element>
      <code value="1.2.1"/>
      <target>
        <code value="1.2"/>
        <equivalence value="narrower"/>
      </target>
    </element>
    <element>
      <code value="1.2.2"/>
      <target>
        <code value="1.2"/>
        <equivalence value="narrower"/>
      </target>
    </element>
    <element>
      <code value="1.3"/>
      <target>
        <code value="1"/>
        <equivalence value="narrower"/>
      </target>
    </element>
    <element>
      <code value="1.3.1"/>
      <target>
        <code value="1.3"/>
        <equivalence value="narrower"/>
      </target>
    </element>
    <element>
      <code value="1.4"/>
      <target>
        <code value="1"/>
        <equivalence value="narrower"/>
      </target>
    </element>
    <element>
      <code value="1.4.1"/>
      <target>
        <code value="1.4"/>
        <equivalence value="narrower"/>
      </target>
    </element>
    <element>
      <code value="1.4.2"/>
      <target>
        <code value="1.4"/>
        <equivalence value="narrower"/>
      </target>
    </element>
    <element>
      <code value="1.4.3"/>
      <target>
        <code value="1.4"/>
        <equivalence value="narrower"/>
      </target>
    </element>
    <element>
      <code value="1.5"/>
      <target>
        <code value="1"/>
        <equivalence value="narrower"/>
      </target>
    </element>
    <element>
      <code value="1.5.1"/>
      <target>
        <code value="1.5"/>
        <equivalence value="narrower"/>
      </target>
    </element>
    <element>
      <code value="1.5.2"/>
      <target>
        <code value="1.5"/>
        <equivalence value="narrower"/>
      </target>
    </element>
    <element>
      <code value="1.6"/>
      <target>
        <code value="1"/>
        <equivalence value="narrower"/>
      </target>
    </element>
    <element>
      <code value="1.6.1"/>
      <target>
        <code value="1.6"/>
        <equivalence value="narrower"/>
      </target>
    </element>
    <element>
      <code value="1.7"/>
      <target>
        <code value="1"/>
        <equivalence value="narrower"/>
      </target>
    </element>
    <element>
      <code value="1.7.1"/>
      <target>
        <code value="1.7"/>
        <equivalence value="narrower"/>
      </target>
    </element>
    <element>
      <code value="1.7.2"/>
      <target>
        <code value="1.7"/>
        <equivalence value="narrower"/>
      </target>
    </element>
    <element>
      <code value="1.7.3"/>
      <target>
        <code value="1.7"/>
        <equivalence value="narrower"/>
      </target>
    </element>
    <element>
      <code value="2.0"/>
      <target>
        <code value="2"/>
        <equivalence value="narrower"/>
      </target>
    </element>
    <element>
      <code value="2.1"/>
      <target>
        <code value="2"/>
        <equivalence value="narrower"/>
      </target>
    </element>
    <element>
      <code value="2.1.1"/>
      <target>
        <code value="2.1"/>
        <equivalence value="narrower"/>
      </target>
    </element>
    <element>
      <code value="2.1.2"/>
      <target>
        <code value="2.1"/>
        <equivalence value="narrower"/>
      </target>
    </element>
    <element>
      <code value="2.2"/>
      <target>
        <code value="2"/>
        <equivalence value="narrower"/>
      </target>
    </element>
    <element>
      <code value="2.2.1"/>
      <target>
        <code value="2.2"/>
        <equivalence value="narrower"/>
      </target>
    </element>
    <element>
      <code value="2.2.2"/>
      <target>
        <code value="2.2"/>
        <equivalence value="narrower"/>
      </target>
    </element>
    <element>
      <code value="2.2.3"/>
      <target>
        <code value="2.2"/>
        <equivalence value="narrower"/>
      </target>
    </element>
    <element>
      <code value="2.2.4"/>
      <target>
        <code value="2.2"/>
        <equivalence value="narrower"/>
      </target>
    </element>
    <element>
      <code value="2.3"/>
      <target>
        <code value="2"/>
        <equivalence value="narrower"/>
      </target>
    </element>
    <element>
      <code value="2.3.1"/>
      <target>
        <code value="2.3"/>
        <equivalence value="narrower"/>
      </target>
    </element>
    <element>
      <code value="2.3.2"/>
      <target>
        <code value="2.3"/>
        <equivalence value="narrower"/>
      </target>
    </element>
    <element>
      <code value="2.3.3"/>
      <target>
        <code value="2.3"/>
        <equivalence value="narrower"/>
      </target>
    </element>
    <element>
      <code value="2.4"/>
      <target>
        <code value="2"/>
        <equivalence value="narrower"/>
      </target>
    </element>
    <element>
      <code value="2.4.1"/>
      <target>
        <code value="2.4"/>
        <equivalence value="narrower"/>
      </target>
    </element>
    <element>
      <code value="2.4.2"/>
      <target>
        <code value="2.4"/>
        <equivalence value="narrower"/>
      </target>
    </element>
    <element>
      <code value="2.4.3"/>
      <target>
        <code value="2.4"/>
        <equivalence value="narrower"/>
      </target>
    </element>
    <element>
      <code value="2.4.4"/>
      <target>
        <code value="2.4"/>
        <equivalence value="narrower"/>
      </target>
    </element>
    <element>
      <code value="2.5"/>
      <target>
        <code value="2"/>
        <equivalence value="narrower"/>
      </target>
    </element>
    <element>
      <code value="2.5.1"/>
      <target>
        <code value="2.5"/>
        <equivalence value="narrower"/>
      </target>
    </element>
    <element>
      <code value="2.5.2"/>
      <target>
        <code value="2.5"/>
        <equivalence value="narrower"/>
      </target>
    </element>
    <element>
      <code value="2.5.3"/>
      <target>
        <code value="2.5"/>
        <equivalence value="narrower"/>
      </target>
    </element>
    <element>
      <code value="2.5.4"/>
      <target>
        <code value="2.5"/>
        <equivalence value="narrower"/>
      </target>
    </element>
    <element>
      <code value="2.5.5"/>
      <target>
        <code value="2.5"/>
        <equivalence value="narrower"/>
      </target>
    </element>
    <element>
      <code value="2.6"/>
      <target>
        <code value="2"/>
        <equivalence value="narrower"/>
      </target>
    </element>
    <element>
      <code value="2.6.1"/>
      <target>
        <code value="2.6"/>
        <equivalence value="narrower"/>
      </target>
    </element>
    <element>
      <code value="2.6.2"/>
      <target>
        <code value="2.6"/>
        <equivalence value="narrower"/>
      </target>
    </element>
    <element>
      <code value="2.6.3"/>
      <target>
        <code value="2.6"/>
        <equivalence value="narrower"/>
      </target>
    </element>
    <element>
      <code value="2.7"/>
      <target>
        <code value="2"/>
        <equivalence value="narrower"/>
      </target>
    </element>
    <element>
      <code value="2.7.1"/>
      <target>
        <code value="2.7"/>
        <equivalence value="narrower"/>
      </target>
    </element>
    <element>
      <code value="2.7.2"/>
      <target>
        <code value="2.7"/>
        <equivalence value="narrower"/>
      </target>
    </element>
    <element>
      <code value="2.8"/>
      <target>
        <code value="2"/>
        <equivalence value="narrower"/>
      </target>
    </element>
    <element>
      <code value="2.8.1"/>
      <target>
        <code value="2.8"/>
        <equivalence value="narrower"/>
      </target>
    </element>
    <element>
      <code value="2.8.2"/>
      <target>
        <code value="2.8"/>
        <equivalence value="narrower"/>
      </target>
    </element>
    <element>
      <code value="2.9"/>
      <target>
        <code value="2"/>
        <equivalence value="narrower"/>
      </target>
    </element>
    <element>
      <code value="2.9.1"/>
      <target>
        <code value="2.9"/>
        <equivalence value="narrower"/>
      </target>
    </element>
    <element>
      <code value="2.9.2"/>
      <target>
        <code value="2.9"/>
        <equivalence value="narrower"/>
      </target>
    </element>
    <element>
      <code value="2.9.3"/>
      <target>
        <code value="2.9"/>
        <equivalence value="narrower"/>
      </target>
    </element>
    <element>
      <code value="2.10"/>
      <target>
        <code value="2"/>
        <equivalence value="narrower"/>
      </target>
    </element>
    <element>
      <code value="2.10.1"/>
      <target>
        <code value="2.10"/>
        <equivalence value="narrower"/>
      </target>
    </element>
    <element>
      <code value="2.10.2"/>
      <target>
        <code value="2.10"/>
        <equivalence value="narrower"/>
      </target>
    </element>
    <element>
      <code value="2.10.3"/>
      <target>
        <code value="2.10"/>
        <equivalence value="narrower"/>
      </target>
    </element>
    <element>
      <code value="2.10.4"/>
      <target>
        <code value="2.10"/>
        <equivalence value="narrower"/>
      </target>
    </element>
    <element>
      <code value="3.0"/>
      <target>
        <code value="3"/>
        <equivalence value="narrower"/>
      </target>
    </element>
    <element>
      <code value="3.1"/>
      <target>
        <code value="3"/>
        <equivalence value="narrower"/>
      </target>
    </element>
    <element>
      <code value="3.1.1"/>
      <target>
        <code value="3.1"/>
        <equivalence value="narrower"/>
      </target>
    </element>
    <element>
      <code value="3.1.2"/>
      <target>
        <code value="3.1"/>
        <equivalence value="narrower"/>
      </target>
    </element>
    <element>
      <code value="3.1.3"/>
      <target>
        <code value="3.1"/>
        <equivalence value="narrower"/>
      </target>
    </element>
    <element>
      <code value="3.1.4"/>
      <target>
        <code value="3.1"/>
        <equivalence value="narrower"/>
      </target>
    </element>
    <element>
      <code value="3.2"/>
      <target>
        <code value="3"/>
        <equivalence value="narrower"/>
      </target>
    </element>
    <element>
      <code value="3.2.1"/>
      <target>
        <code value="3.2"/>
        <equivalence value="narrower"/>
      </target>
    </element>
    <element>
      <code value="3.2.2"/>
      <target>
        <code value="3.2"/>
        <equivalence value="narrower"/>
      </target>
    </element>
    <element>
      <code value="3.2.3"/>
      <target>
        <code value="3.2"/>
        <equivalence value="narrower"/>
      </target>
    </element>
    <element>
      <code value="3.2.4"/>
      <target>
        <code value="3.2"/>
        <equivalence value="narrower"/>
      </target>
    </element>
    <element>
      <code value="3.2.5"/>
      <target>
        <code value="3.2"/>
        <equivalence value="narrower"/>
      </target>
    </element>
    <element>
      <code value="3.2.6"/>
      <target>
        <code value="3.2"/>
        <equivalence value="narrower"/>
      </target>
    </element>
    <element>
      <code value="3.3"/>
      <target>
        <code value="3"/>
        <equivalence value="narrower"/>
      </target>
    </element>
    <element>
      <code value="3.3.1"/>
      <target>
        <code value="3.3"/>
        <equivalence value="narrower"/>
      </target>
    </element>
    <element>
      <code value="3.4"/>
      <target>
        <code value="3"/>
        <equivalence value="narrower"/>
      </target>
    </element>
    <element>
      <code value="3.4.1"/>
      <target>
        <code value="3.4"/>
        <equivalence value="narrower"/>
      </target>
    </element>
    <element>
      <code value="3.4.2"/>
      <target>
        <code value="3.4"/>
        <equivalence value="narrower"/>
      </target>
    </element>
    <element>
      <code value="3.4.3"/>
      <target>
        <code value="3.4"/>
        <equivalence value="narrower"/>
      </target>
    </element>
    <element>
      <code value="3.4.4"/>
      <target>
        <code value="3.4"/>
        <equivalence value="narrower"/>
      </target>
    </element>
    <element>
      <code value="3.4.5"/>
      <target>
        <code value="3.4"/>
        <equivalence value="narrower"/>
      </target>
    </element>
    <element>
      <code value="3.4.6"/>
      <target>
        <code value="3.4"/>
        <equivalence value="narrower"/>
      </target>
    </element>
    <element>
      <code value="3.5"/>
      <target>
        <code value="3"/>
        <equivalence value="narrower"/>
      </target>
    </element>
    <element>
      <code value="3.5.1"/>
      <target>
        <code value="3.5"/>
        <equivalence value="narrower"/>
      </target>
    </element>
    <element>
      <code value="3.5.2"/>
      <target>
        <code value="3.5"/>
        <equivalence value="narrower"/>
      </target>
    </element>
    <element>
      <code value="3.5.3"/>
      <target>
        <code value="3.5"/>
        <equivalence value="narrower"/>
      </target>
    </element>
    <element>
      <code value="3.5.4"/>
      <target>
        <code value="3.5"/>
        <equivalence value="narrower"/>
      </target>
    </element>
    <element>
      <code value="3.5.5"/>
      <target>
        <code value="3.5"/>
        <equivalence value="narrower"/>
      </target>
    </element>
    <element>
      <code value="3.5.6"/>
      <target>
        <code value="3.5"/>
        <equivalence value="narrower"/>
      </target>
    </element>
    <element>
      <code value="3.6"/>
      <target>
        <code value="3"/>
        <equivalence value="narrower"/>
      </target>
    </element>
    <element>
      <code value="3.6.1"/>
      <target>
        <code value="3.6"/>
        <equivalence value="narrower"/>
      </target>
    </element>
    <element>
      <code value="3.6.2"/>
      <target>
        <code value="3.6"/>
        <equivalence value="narrower"/>
      </target>
    </element>
    <element>
      <code value="3.7"/>
      <target>
        <code value="3"/>
        <equivalence value="narrower"/>
      </target>
    </element>
    <element>
      <code value="3.7.1"/>
      <target>
        <code value="3.7"/>
        <equivalence value="narrower"/>
      </target>
    </element>
    <element>
      <code value="3.7.2"/>
      <target>
        <code value="3.7"/>
        <equivalence value="narrower"/>
      </target>
    </element>
    <element>
      <code value="4.0"/>
      <target>
        <code value="4"/>
        <equivalence value="narrower"/>
      </target>
    </element>
    <element>
      <code value="4.1"/>
      <target>
        <code value="4"/>
        <equivalence value="narrower"/>
      </target>
    </element>
    <element>
      <code value="4.1.1"/>
      <target>
        <code value="4.1"/>
        <equivalence value="narrower"/>
      </target>
    </element>
    <element>
      <code value="4.1.2"/>
      <target>
        <code value="4.1"/>
        <equivalence value="narrower"/>
      </target>
    </element>
    <element>
      <code value="4.1.3"/>
      <target>
        <code value="4.1"/>
        <equivalence value="narrower"/>
      </target>
    </element>
    <element>
      <code value="4.1.4"/>
      <target>
        <code value="4.1"/>
        <equivalence value="narrower"/>
      </target>
    </element>
    <element>
      <code value="4.2"/>
      <target>
        <code value="4"/>
        <equivalence value="narrower"/>
      </target>
    </element>
    <element>
      <code value="4.2.1"/>
      <target>
        <code value="4.2"/>
        <equivalence value="narrower"/>
      </target>
    </element>
    <element>
      <code value="4.2.2"/>
      <target>
        <code value="4.2"/>
        <equivalence value="narrower"/>
      </target>
    </element>
    <element>
      <code value="4.2.3"/>
      <target>
        <code value="4.2"/>
        <equivalence value="narrower"/>
      </target>
    </element>
    <element>
      <code value="4.3"/>
      <target>
        <code value="4"/>
        <equivalence value="narrower"/>
      </target>
    </element>
    <element>
      <code value="4.3.1"/>
      <target>
        <code value="4.3"/>
        <equivalence value="narrower"/>
      </target>
    </element>
    <element>
      <code value="4.3.2"/>
      <target>
        <code value="4.3"/>
        <equivalence value="narrower"/>
      </target>
    </element>
    <element>
      <code value="4.3.3"/>
      <target>
        <code value="4.3"/>
        <equivalence value="narrower"/>
      </target>
    </element>
    <element>
      <code value="4.3.4"/>
      <target>
        <code value="4.3"/>
        <equivalence value="narrower"/>
      </target>
    </element>
    <element>
      <code value="4.4"/>
      <target>
        <code value="4"/>
        <equivalence value="narrower"/>
      </target>
    </element>
    <element>
      <code value="4.4.1"/>
      <target>
        <code value="4.4"/>
        <equivalence value="narrower"/>
      </target>
    </element>
  </group>
</ConceptMap>