<?xml version="1.0" encoding="UTF-8"?>

<ValueSet xmlns="http://hl7.org/fhir">
  <id value="CDHIv1"/>
  <text>
    <status value="generated"/><div xmlns="http://www.w3.org/1999/xhtml"><p class="res-header-id"><b>Generated Narrative: ValueSet CDHIv1</b></p><a name="CDHIv1"> </a><a name="hcCDHIv1"> </a><ul><li>Include all codes defined in <a href="CodeSystem-CDHIv1.html"><code>http://smart.who.int/base/CodeSystem/CDHIv1</code></a></li></ul></div>
  </text>
  <url value="http://smart.who.int/base/ValueSet/CDHIv1"/>
  <version value="0.2.0"/>
  <name value="CDHIv1"/>
  <title value="Classification of Digital Health Interventions v1"/>
  <status value="active"/>
  <experimental value="true"/>
  <date value="2025-09-23T00:27:54+00:00"/>
  <publisher value="WHO"/>
  <contact>
    <name value="WHO"/>
    <telecom>
      <system value="url"/>
      <value value="http://who.int"/>
    </telecom>
  </contact>
  <description value="Value Set for Classification of Digital Health Interventions v1. Autogenerated from DAK artifacts"/>
  <compose>
    <include>
      <system value="http://smart.who.int/base/CodeSystem/CDHIv1"/>
    </include>
  </compose>
</ValueSet>