{
  "resourceType" : "CodeSystem",
  "id" : "CDHIv1",
  "text" : {
    "status" : "generated",
    "div" : "<div xmlns=\"http://www.w3.org/1999/xhtml\"><p class=\"res-header-id\"><b>Generated Narrative: CodeSystem CDHIv1</b></p><a name=\"CDHIv1\"> </a><a name=\"hcCDHIv1\"> </a><p>This case-insensitive code system <code>http://smart.who.int/base/CodeSystem/CDHIv1</code> defines the following codes:</p><table class=\"codes\"><tr><td style=\"white-space:nowrap\"><b>Code</b></td><td><b>Display</b></td></tr><tr><td style=\"white-space:nowrap\">1.0<a name=\"CDHIv1-1.460\"> </a></td><td>Clients</td></tr><tr><td style=\"white-space:nowrap\">1.1<a name=\"CDHIv1-1.461\"> </a></td><td>Targeted client communication</td></tr><tr><td style=\"white-space:nowrap\">1.1.1<a name=\"CDHIv1-1.461.461\"> </a></td><td>Transmit health event alerts to specific population group(s)</td></tr><tr><td style=\"white-space:nowrap\">1.1.2<a name=\"CDHIv1-1.461.462\"> </a></td><td>Transmit targeted health information to client(s) based on health status or demographics</td></tr><tr><td style=\"white-space:nowrap\">1.1.3<a name=\"CDHIv1-1.461.463\"> </a></td><td>Transmit targeted alerts and reminders to client(s)</td></tr><tr><td style=\"white-space:nowrap\">1.1.4<a name=\"CDHIv1-1.461.464\"> </a></td><td>Transmit diagnostics result, or availability of result, to client(s)</td></tr><tr><td style=\"white-space:nowrap\">1.2<a name=\"CDHIv1-1.462\"> </a></td><td>Untargeted client communication</td></tr><tr><td style=\"white-space:nowrap\">1.2.1<a name=\"CDHIv1-1.462.461\"> </a></td><td>Transmit untargeted health information to an undefined population</td></tr><tr><td style=\"white-space:nowrap\">1.2.2<a name=\"CDHIv1-1.462.462\"> </a></td><td>Transmit untargeted</td></tr><tr><td style=\"white-space:nowrap\">1.3<a name=\"CDHIv1-1.463\"> </a></td><td>Client to client communication</td></tr><tr><td style=\"white-space:nowrap\">1.3.1<a name=\"CDHIv1-1.463.461\"> </a></td><td>Peer group for clients</td></tr><tr><td style=\"white-space:nowrap\">1.4<a name=\"CDHIv1-1.464\"> </a></td><td>Personal health tracking</td></tr><tr><td style=\"white-space:nowrap\">1.4.1<a name=\"CDHIv1-1.464.461\"> </a></td><td>Access by client to own medical records</td></tr><tr><td style=\"white-space:nowrap\">1.4.2<a name=\"CDHIv1-1.464.462\"> </a></td><td>Self monitoring of health or diagnostic data by client 1.4.3 Active data capture/ documentation by client</td></tr><tr><td style=\"white-space:nowrap\">1.4.3<a name=\"CDHIv1-1.464.463\"> </a></td><td>Active data capture/ documentation by client</td></tr><tr><td style=\"white-space:nowrap\">1.5<a name=\"CDHIv1-1.465\"> </a></td><td>Citizen‐based reporting</td></tr><tr><td style=\"white-space:nowrap\">1.5.1<a name=\"CDHIv1-1.465.461\"> </a></td><td>Reporting of health system feedback by clients</td></tr><tr><td style=\"white-space:nowrap\">1.5.2<a name=\"CDHIv1-1.465.462\"> </a></td><td>Reporting of public health events by clients</td></tr><tr><td style=\"white-space:nowrap\">1.6<a name=\"CDHIv1-1.466\"> </a></td><td>On‐demand information services to clients</td></tr><tr><td style=\"white-space:nowrap\">1.6.1<a name=\"CDHIv1-1.466.461\"> </a></td><td>Client look‐up of health information</td></tr><tr><td style=\"white-space:nowrap\">1.7<a name=\"CDHIv1-1.467\"> </a></td><td>Client financial transactions</td></tr><tr><td style=\"white-space:nowrap\">1.7.1<a name=\"CDHIv1-1.467.461\"> </a></td><td>Transmit or manage out‐of‐pocket payments by client(s)</td></tr><tr><td style=\"white-space:nowrap\">1.7.2<a name=\"CDHIv1-1.467.462\"> </a></td><td>Transmit or manage vouchers to client(s) for health services</td></tr><tr><td style=\"white-space:nowrap\">1.7.3<a name=\"CDHIv1-1.467.463\"> </a></td><td>Transmit or manage incentives to client(s) for health services</td></tr><tr><td style=\"white-space:nowrap\">2.0<a name=\"CDHIv1-2.460\"> </a></td><td>Health workers</td></tr><tr><td style=\"white-space:nowrap\">2.1<a name=\"CDHIv1-2.461\"> </a></td><td>Client identification and registration</td></tr><tr><td style=\"white-space:nowrap\">2.1.1<a name=\"CDHIv1-2.461.461\"> </a></td><td>Verify client unique identity</td></tr><tr><td style=\"white-space:nowrap\">2.1.2<a name=\"CDHIv1-2.461.462\"> </a></td><td>Enrol client for health services/clinical care plan</td></tr><tr><td style=\"white-space:nowrap\">2.2<a name=\"CDHIv1-2.462\"> </a></td><td>Client health records</td></tr><tr><td style=\"white-space:nowrap\">2.2.1<a name=\"CDHIv1-2.462.461\"> </a></td><td>Longitudinal tracking of clients’ health status and services</td></tr><tr><td style=\"white-space:nowrap\">2.2.2<a name=\"CDHIv1-2.462.462\"> </a></td><td>Manage client’s structured clinical records</td></tr><tr><td style=\"white-space:nowrap\">2.2.3<a name=\"CDHIv1-2.462.463\"> </a></td><td>Manage client’s unstructured clinical records</td></tr><tr><td style=\"white-space:nowrap\">2.2.4<a name=\"CDHIv1-2.462.464\"> </a></td><td>Routine health indicator data collection and management</td></tr><tr><td style=\"white-space:nowrap\">2.3<a name=\"CDHIv1-2.463\"> </a></td><td>Health worker decision support</td></tr><tr><td style=\"white-space:nowrap\">2.3.1<a name=\"CDHIv1-2.463.461\"> </a></td><td>Provide prompts and alerts based according to protocol</td></tr><tr><td style=\"white-space:nowrap\">2.3.2<a name=\"CDHIv1-2.463.462\"> </a></td><td>Provide checklist according to protocol</td></tr><tr><td style=\"white-space:nowrap\">2.3.3<a name=\"CDHIv1-2.463.463\"> </a></td><td>Screen clients by risk or other health status</td></tr><tr><td style=\"white-space:nowrap\">2.4<a name=\"CDHIv1-2.464\"> </a></td><td>Telemedicine</td></tr><tr><td style=\"white-space:nowrap\">2.4.1<a name=\"CDHIv1-2.464.461\"> </a></td><td>Consultations between remote client and health worker</td></tr><tr><td style=\"white-space:nowrap\">2.4.2<a name=\"CDHIv1-2.464.462\"> </a></td><td>Remote monitoring of client health or diagnostic data by provider</td></tr><tr><td style=\"white-space:nowrap\">2.4.3<a name=\"CDHIv1-2.464.463\"> </a></td><td>Transmission of medical data to health worker</td></tr><tr><td style=\"white-space:nowrap\">2.4.4<a name=\"CDHIv1-2.464.464\"> </a></td><td>Consultations for case management between health worker(s)</td></tr><tr><td style=\"white-space:nowrap\">2.5<a name=\"CDHIv1-2.465\"> </a></td><td>Health worker communication</td></tr><tr><td style=\"white-space:nowrap\">2.5.1<a name=\"CDHIv1-2.465.461\"> </a></td><td>Communication from health worker(s) to supervisor</td></tr><tr><td style=\"white-space:nowrap\">2.5.2<a name=\"CDHIv1-2.465.462\"> </a></td><td>Communication and performance feedback to health worker(s)</td></tr><tr><td style=\"white-space:nowrap\">2.5.3<a name=\"CDHIv1-2.465.463\"> </a></td><td>Transmit routine news and workflow notifications to health worker(s)</td></tr><tr><td style=\"white-space:nowrap\">2.5.4<a name=\"CDHIv1-2.465.464\"> </a></td><td>Transmit non‐routine health event alerts to health worker(s)</td></tr><tr><td style=\"white-space:nowrap\">2.5.5<a name=\"CDHIv1-2.465.465\"> </a></td><td>Peer group for health workers</td></tr><tr><td style=\"white-space:nowrap\">2.6<a name=\"CDHIv1-2.466\"> </a></td><td>Referral co‐ordination</td></tr><tr><td style=\"white-space:nowrap\">2.6.1<a name=\"CDHIv1-2.466.461\"> </a></td><td>Coordinate emergency response and transport</td></tr><tr><td style=\"white-space:nowrap\">2.6.2<a name=\"CDHIv1-2.466.462\"> </a></td><td>Manage referrals between points of service within health sector</td></tr><tr><td style=\"white-space:nowrap\">2.6.3<a name=\"CDHIv1-2.466.463\"> </a></td><td>Manage referrals between health and other sectors</td></tr><tr><td style=\"white-space:nowrap\">2.7<a name=\"CDHIv1-2.467\"> </a></td><td>Health worker activity planning and scheduling</td></tr><tr><td style=\"white-space:nowrap\">2.7.1<a name=\"CDHIv1-2.467.461\"> </a></td><td>Identify client(s) in need of services</td></tr><tr><td style=\"white-space:nowrap\">2.7.2<a name=\"CDHIv1-2.467.462\"> </a></td><td>Schedule health worker's activities</td></tr><tr><td style=\"white-space:nowrap\">2.8<a name=\"CDHIv1-2.468\"> </a></td><td>Health worker training</td></tr><tr><td style=\"white-space:nowrap\">2.8.1<a name=\"CDHIv1-2.468.461\"> </a></td><td>Provide training content to health worker(s)</td></tr><tr><td style=\"white-space:nowrap\">2.8.2<a name=\"CDHIv1-2.468.462\"> </a></td><td>Assess capacity of health worker(s)</td></tr><tr><td style=\"white-space:nowrap\">2.9<a name=\"CDHIv1-2.469\"> </a></td><td>Prescription and medication management</td></tr><tr><td style=\"white-space:nowrap\">2.9.1<a name=\"CDHIv1-2.469.461\"> </a></td><td>Transmit or track prescription orders</td></tr><tr><td style=\"white-space:nowrap\">2.9.2<a name=\"CDHIv1-2.469.462\"> </a></td><td>Track client's medication consumption</td></tr><tr><td style=\"white-space:nowrap\">2.9.3<a name=\"CDHIv1-2.469.463\"> </a></td><td>Report adverse drug events</td></tr><tr><td style=\"white-space:nowrap\">2.10<a name=\"CDHIv1-2.4610\"> </a></td><td>Laboratory and Diagnostics Imaging Management</td></tr><tr><td style=\"white-space:nowrap\">2.10.1<a name=\"CDHIv1-2.4610.461\"> </a></td><td>Transmit diagnostic result to health worker</td></tr><tr><td style=\"white-space:nowrap\">2.10.2<a name=\"CDHIv1-2.4610.462\"> </a></td><td>Transmit and track diagnostic orders</td></tr><tr><td style=\"white-space:nowrap\">2.10.3<a name=\"CDHIv1-2.4610.463\"> </a></td><td>Capture diagnostic results from digital devices</td></tr><tr><td style=\"white-space:nowrap\">2.10.4<a name=\"CDHIv1-2.4610.464\"> </a></td><td>Track biological specimens</td></tr><tr><td style=\"white-space:nowrap\">3.0<a name=\"CDHIv1-3.460\"> </a></td><td>Health system managers</td></tr><tr><td style=\"white-space:nowrap\">3.1<a name=\"CDHIv1-3.461\"> </a></td><td>Human resource management</td></tr><tr><td style=\"white-space:nowrap\">3.1.1<a name=\"CDHIv1-3.461.461\"> </a></td><td>List health workforce cadres and related identification information</td></tr><tr><td style=\"white-space:nowrap\">3.1.2<a name=\"CDHIv1-3.461.462\"> </a></td><td>Monitor performance of health worker(s)</td></tr><tr><td style=\"white-space:nowrap\">3.1.3<a name=\"CDHIv1-3.461.463\"> </a></td><td>Manage certification/registration of health worker(s)</td></tr><tr><td style=\"white-space:nowrap\">3.1.4<a name=\"CDHIv1-3.461.464\"> </a></td><td>Record training credentials of health worker(s)</td></tr><tr><td style=\"white-space:nowrap\">3.2<a name=\"CDHIv1-3.462\"> </a></td><td>Supply chain management</td></tr><tr><td style=\"white-space:nowrap\">3.2.1<a name=\"CDHIv1-3.462.461\"> </a></td><td>Manage inventory and distribution of health commodities</td></tr><tr><td style=\"white-space:nowrap\">3.2.2<a name=\"CDHIv1-3.462.462\"> </a></td><td>Notify stock levels of health commodities</td></tr><tr><td style=\"white-space:nowrap\">3.2.3<a name=\"CDHIv1-3.462.463\"> </a></td><td>Monitor cold‐chain sensitive commodities</td></tr><tr><td style=\"white-space:nowrap\">3.2.4<a name=\"CDHIv1-3.462.464\"> </a></td><td>Register licensed drugs and health commodities</td></tr><tr><td style=\"white-space:nowrap\">3.2.5<a name=\"CDHIv1-3.462.465\"> </a></td><td>Manage procurement of commodities</td></tr><tr><td style=\"white-space:nowrap\">3.2.6<a name=\"CDHIv1-3.462.466\"> </a></td><td>Report counterfeit or substandard drugs by clients</td></tr><tr><td style=\"white-space:nowrap\">3.3<a name=\"CDHIv1-3.463\"> </a></td><td>Public health event notification</td></tr><tr><td style=\"white-space:nowrap\">3.3.1<a name=\"CDHIv1-3.463.461\"> </a></td><td>Notification of public health events from point of diagnosis</td></tr><tr><td style=\"white-space:nowrap\">3.4<a name=\"CDHIv1-3.464\"> </a></td><td>Civil Registration and Vital Statistics</td></tr><tr><td style=\"white-space:nowrap\">3.4.1<a name=\"CDHIv1-3.464.461\"> </a></td><td>Notify birth event</td></tr><tr><td style=\"white-space:nowrap\">3.4.2<a name=\"CDHIv1-3.464.462\"> </a></td><td>Register birth event</td></tr><tr><td style=\"white-space:nowrap\">3.4.3<a name=\"CDHIv1-3.464.463\"> </a></td><td>Certify birth event</td></tr><tr><td style=\"white-space:nowrap\">3.4.4<a name=\"CDHIv1-3.464.464\"> </a></td><td>Notify death event</td></tr><tr><td style=\"white-space:nowrap\">3.4.5<a name=\"CDHIv1-3.464.465\"> </a></td><td>Register death event</td></tr><tr><td style=\"white-space:nowrap\">3.4.6<a name=\"CDHIv1-3.464.466\"> </a></td><td>Certify death event</td></tr><tr><td style=\"white-space:nowrap\">3.5<a name=\"CDHIv1-3.465\"> </a></td><td>Health financing</td></tr><tr><td style=\"white-space:nowrap\">3.5.1<a name=\"CDHIv1-3.465.461\"> </a></td><td>Register and verify client insurance membership</td></tr><tr><td style=\"white-space:nowrap\">3.5.2<a name=\"CDHIv1-3.465.462\"> </a></td><td>Track insurance billing and claims submission</td></tr><tr><td style=\"white-space:nowrap\">3.5.3<a name=\"CDHIv1-3.465.463\"> </a></td><td>Track and manage insurance reimbursement</td></tr><tr><td style=\"white-space:nowrap\">3.5.4<a name=\"CDHIv1-3.465.464\"> </a></td><td>Transmit routine payroll payment to health worker(s)</td></tr><tr><td style=\"white-space:nowrap\">3.5.5<a name=\"CDHIv1-3.465.465\"> </a></td><td>Transmit or manage incentives to health worker(s)</td></tr><tr><td style=\"white-space:nowrap\">3.5.6<a name=\"CDHIv1-3.465.466\"> </a></td><td>Manage budget and expenditures</td></tr><tr><td style=\"white-space:nowrap\">3.6<a name=\"CDHIv1-3.466\"> </a></td><td>Equipment and asset management</td></tr><tr><td style=\"white-space:nowrap\">3.6.1<a name=\"CDHIv1-3.466.461\"> </a></td><td>Monitor status of health equipment</td></tr><tr><td style=\"white-space:nowrap\">3.6.2<a name=\"CDHIv1-3.466.462\"> </a></td><td>Track regulation and licensing of medical equipment</td></tr><tr><td style=\"white-space:nowrap\">3.7<a name=\"CDHIv1-3.467\"> </a></td><td>Facility management</td></tr><tr><td style=\"white-space:nowrap\">3.7.1<a name=\"CDHIv1-3.467.461\"> </a></td><td>List health facilities and related information</td></tr><tr><td style=\"white-space:nowrap\">3.7.2<a name=\"CDHIv1-3.467.462\"> </a></td><td>Assess health facilities</td></tr><tr><td style=\"white-space:nowrap\">4.0<a name=\"CDHIv1-4.460\"> </a></td><td>Data services</td></tr><tr><td style=\"white-space:nowrap\">4.1<a name=\"CDHIv1-4.461\"> </a></td><td>Data collection, management, and use</td></tr><tr><td style=\"white-space:nowrap\">4.1.1<a name=\"CDHIv1-4.461.461\"> </a></td><td>Non‐routine data collection and management</td></tr><tr><td style=\"white-space:nowrap\">4.1.2<a name=\"CDHIv1-4.461.462\"> </a></td><td>Data storage and aggregation</td></tr><tr><td style=\"white-space:nowrap\">4.1.3<a name=\"CDHIv1-4.461.463\"> </a></td><td>Data synthesis and visualisation</td></tr><tr><td style=\"white-space:nowrap\">4.1.4<a name=\"CDHIv1-4.461.464\"> </a></td><td>Automated analysis of data to generate new information or predictions on future events</td></tr><tr><td style=\"white-space:nowrap\">4.2<a name=\"CDHIv1-4.462\"> </a></td><td>Data coding</td></tr><tr><td style=\"white-space:nowrap\">4.2.1<a name=\"CDHIv1-4.462.461\"> </a></td><td>Parse unstructured data into structured data</td></tr><tr><td style=\"white-space:nowrap\">4.2.2<a name=\"CDHIv1-4.462.462\"> </a></td><td>Merge, de‐duplicate, and curate coded datasets or terminologies</td></tr><tr><td style=\"white-space:nowrap\">4.2.3<a name=\"CDHIv1-4.462.463\"> </a></td><td>Classify disease codes or cause of mortality</td></tr><tr><td style=\"white-space:nowrap\">4.3<a name=\"CDHIv1-4.463\"> </a></td><td>Location mapping</td></tr><tr><td style=\"white-space:nowrap\">4.3.1<a name=\"CDHIv1-4.463.461\"> </a></td><td>Map location of health facilities/structures</td></tr><tr><td style=\"white-space:nowrap\">4.3.2<a name=\"CDHIv1-4.463.462\"> </a></td><td>Map location of health events</td></tr><tr><td style=\"white-space:nowrap\">4.3.3<a name=\"CDHIv1-4.463.463\"> </a></td><td>Map location of clients and households</td></tr><tr><td style=\"white-space:nowrap\">4.3.4<a name=\"CDHIv1-4.463.464\"> </a></td><td>Map location of health worker</td></tr><tr><td style=\"white-space:nowrap\">4.4<a name=\"CDHIv1-4.464\"> </a></td><td>Data exchange and interoperability</td></tr><tr><td style=\"white-space:nowrap\">4.4.1<a name=\"CDHIv1-4.464.461\"> </a></td><td>Data exchange across systems</td></tr></table></div>"
  },
  "url" : "http://smart.who.int/base/CodeSystem/CDHIv1",
  "version" : "0.2.0",
  "name" : "CDHIv1",
  "title" : "Classification of Digital Health Interventions v1",
  "status" : "active",
  "experimental" : true,
  "date" : "2025-09-18T13:37:37+00:00",
  "publisher" : "WHO",
  "contact" : [{
    "name" : "WHO",
    "telecom" : [{
      "system" : "url",
      "value" : "http://who.int"
    }]
  }],
  "description" : "CodeSystem for Classification of Digital Health Interventions v1. Autogenerated from DAK artifacts",
  "caseSensitive" : false,
  "content" : "complete",
  "count" : 119,
  "concept" : [{
    "code" : "1.0",
    "display" : "Clients"
  },
  {
    "code" : "1.1",
    "display" : "Targeted client communication"
  },
  {
    "code" : "1.1.1",
    "display" : "Transmit health event alerts to specific population group(s)"
  },
  {
    "code" : "1.1.2",
    "display" : "Transmit targeted health information to client(s) based on health status or demographics"
  },
  {
    "code" : "1.1.3",
    "display" : "Transmit targeted alerts and reminders to client(s)"
  },
  {
    "code" : "1.1.4",
    "display" : "Transmit diagnostics result, or availability of result, to client(s)"
  },
  {
    "code" : "1.2",
    "display" : "Untargeted client communication"
  },
  {
    "code" : "1.2.1",
    "display" : "Transmit untargeted health information to an undefined population"
  },
  {
    "code" : "1.2.2",
    "display" : "Transmit untargeted"
  },
  {
    "code" : "1.3",
    "display" : "Client to client communication"
  },
  {
    "code" : "1.3.1",
    "display" : "Peer group for clients"
  },
  {
    "code" : "1.4",
    "display" : "Personal health tracking"
  },
  {
    "code" : "1.4.1",
    "display" : "Access by client to own medical records"
  },
  {
    "code" : "1.4.2",
    "display" : "Self monitoring of health or diagnostic data by client 1.4.3 Active data capture/ documentation by client"
  },
  {
    "code" : "1.4.3",
    "display" : "Active data capture/ documentation by client"
  },
  {
    "code" : "1.5",
    "display" : "Citizen‐based reporting"
  },
  {
    "code" : "1.5.1",
    "display" : "Reporting of health system feedback by clients"
  },
  {
    "code" : "1.5.2",
    "display" : "Reporting of public health events by clients"
  },
  {
    "code" : "1.6",
    "display" : "On‐demand information services to clients"
  },
  {
    "code" : "1.6.1",
    "display" : "Client look‐up of health information"
  },
  {
    "code" : "1.7",
    "display" : "Client financial transactions"
  },
  {
    "code" : "1.7.1",
    "display" : "Transmit or manage out‐of‐pocket payments by client(s)"
  },
  {
    "code" : "1.7.2",
    "display" : "Transmit or manage vouchers to client(s) for health services"
  },
  {
    "code" : "1.7.3",
    "display" : "Transmit or manage incentives to client(s) for health services"
  },
  {
    "code" : "2.0",
    "display" : "Health workers"
  },
  {
    "code" : "2.1",
    "display" : "Client identification and registration"
  },
  {
    "code" : "2.1.1",
    "display" : "Verify client unique identity"
  },
  {
    "code" : "2.1.2",
    "display" : "Enrol client for health services/clinical care plan"
  },
  {
    "code" : "2.2",
    "display" : "Client health records"
  },
  {
    "code" : "2.2.1",
    "display" : "Longitudinal tracking of clients’ health status and services"
  },
  {
    "code" : "2.2.2",
    "display" : "Manage client’s structured clinical records"
  },
  {
    "code" : "2.2.3",
    "display" : "Manage client’s unstructured clinical records"
  },
  {
    "code" : "2.2.4",
    "display" : "Routine health indicator data collection and management"
  },
  {
    "code" : "2.3",
    "display" : "Health worker decision support"
  },
  {
    "code" : "2.3.1",
    "display" : "Provide prompts and alerts based according to protocol"
  },
  {
    "code" : "2.3.2",
    "display" : "Provide checklist according to protocol"
  },
  {
    "code" : "2.3.3",
    "display" : "Screen clients by risk or other health status"
  },
  {
    "code" : "2.4",
    "display" : "Telemedicine"
  },
  {
    "code" : "2.4.1",
    "display" : "Consultations between remote client and health worker"
  },
  {
    "code" : "2.4.2",
    "display" : "Remote monitoring of client health or diagnostic data by provider"
  },
  {
    "code" : "2.4.3",
    "display" : "Transmission of medical data to health worker"
  },
  {
    "code" : "2.4.4",
    "display" : "Consultations for case management between health worker(s)"
  },
  {
    "code" : "2.5",
    "display" : "Health worker communication"
  },
  {
    "code" : "2.5.1",
    "display" : "Communication from health worker(s) to supervisor"
  },
  {
    "code" : "2.5.2",
    "display" : "Communication and performance feedback to health worker(s)"
  },
  {
    "code" : "2.5.3",
    "display" : "Transmit routine news and workflow notifications to health worker(s)"
  },
  {
    "code" : "2.5.4",
    "display" : "Transmit non‐routine health event alerts to health worker(s)"
  },
  {
    "code" : "2.5.5",
    "display" : "Peer group for health workers"
  },
  {
    "code" : "2.6",
    "display" : "Referral co‐ordination"
  },
  {
    "code" : "2.6.1",
    "display" : "Coordinate emergency response and transport"
  },
  {
    "code" : "2.6.2",
    "display" : "Manage referrals between points of service within health sector"
  },
  {
    "code" : "2.6.3",
    "display" : "Manage referrals between health and other sectors"
  },
  {
    "code" : "2.7",
    "display" : "Health worker activity planning and scheduling"
  },
  {
    "code" : "2.7.1",
    "display" : "Identify client(s) in need of services"
  },
  {
    "code" : "2.7.2",
    "display" : "Schedule health worker's activities"
  },
  {
    "code" : "2.8",
    "display" : "Health worker training"
  },
  {
    "code" : "2.8.1",
    "display" : "Provide training content to health worker(s)"
  },
  {
    "code" : "2.8.2",
    "display" : "Assess capacity of health worker(s)"
  },
  {
    "code" : "2.9",
    "display" : "Prescription and medication management"
  },
  {
    "code" : "2.9.1",
    "display" : "Transmit or track prescription orders"
  },
  {
    "code" : "2.9.2",
    "display" : "Track client's medication consumption"
  },
  {
    "code" : "2.9.3",
    "display" : "Report adverse drug events"
  },
  {
    "code" : "2.10",
    "display" : "Laboratory and Diagnostics Imaging Management"
  },
  {
    "code" : "2.10.1",
    "display" : "Transmit diagnostic result to health worker"
  },
  {
    "code" : "2.10.2",
    "display" : "Transmit and track diagnostic orders"
  },
  {
    "code" : "2.10.3",
    "display" : "Capture diagnostic results from digital devices"
  },
  {
    "code" : "2.10.4",
    "display" : "Track biological specimens"
  },
  {
    "code" : "3.0",
    "display" : "Health system managers"
  },
  {
    "code" : "3.1",
    "display" : "Human resource management"
  },
  {
    "code" : "3.1.1",
    "display" : "List health workforce cadres and related identification information"
  },
  {
    "code" : "3.1.2",
    "display" : "Monitor performance of health worker(s)"
  },
  {
    "code" : "3.1.3",
    "display" : "Manage certification/registration of health worker(s)"
  },
  {
    "code" : "3.1.4",
    "display" : "Record training credentials of health worker(s)"
  },
  {
    "code" : "3.2",
    "display" : "Supply chain management"
  },
  {
    "code" : "3.2.1",
    "display" : "Manage inventory and distribution of health commodities"
  },
  {
    "code" : "3.2.2",
    "display" : "Notify stock levels of health commodities"
  },
  {
    "code" : "3.2.3",
    "display" : "Monitor cold‐chain sensitive commodities"
  },
  {
    "code" : "3.2.4",
    "display" : "Register licensed drugs and health commodities"
  },
  {
    "code" : "3.2.5",
    "display" : "Manage procurement of commodities"
  },
  {
    "code" : "3.2.6",
    "display" : "Report counterfeit or substandard drugs by clients"
  },
  {
    "code" : "3.3",
    "display" : "Public health event notification"
  },
  {
    "code" : "3.3.1",
    "display" : "Notification of public health events from point of diagnosis"
  },
  {
    "code" : "3.4",
    "display" : "Civil Registration and Vital Statistics"
  },
  {
    "code" : "3.4.1",
    "display" : "Notify birth event"
  },
  {
    "code" : "3.4.2",
    "display" : "Register birth event"
  },
  {
    "code" : "3.4.3",
    "display" : "Certify birth event"
  },
  {
    "code" : "3.4.4",
    "display" : "Notify death event"
  },
  {
    "code" : "3.4.5",
    "display" : "Register death event"
  },
  {
    "code" : "3.4.6",
    "display" : "Certify death event"
  },
  {
    "code" : "3.5",
    "display" : "Health financing"
  },
  {
    "code" : "3.5.1",
    "display" : "Register and verify client insurance membership"
  },
  {
    "code" : "3.5.2",
    "display" : "Track insurance billing and claims submission"
  },
  {
    "code" : "3.5.3",
    "display" : "Track and manage insurance reimbursement"
  },
  {
    "code" : "3.5.4",
    "display" : "Transmit routine payroll payment to health worker(s)"
  },
  {
    "code" : "3.5.5",
    "display" : "Transmit or manage incentives to health worker(s)"
  },
  {
    "code" : "3.5.6",
    "display" : "Manage budget and expenditures"
  },
  {
    "code" : "3.6",
    "display" : "Equipment and asset management"
  },
  {
    "code" : "3.6.1",
    "display" : "Monitor status of health equipment"
  },
  {
    "code" : "3.6.2",
    "display" : "Track regulation and licensing of medical equipment"
  },
  {
    "code" : "3.7",
    "display" : "Facility management"
  },
  {
    "code" : "3.7.1",
    "display" : "List health facilities and related information"
  },
  {
    "code" : "3.7.2",
    "display" : "Assess health facilities"
  },
  {
    "code" : "4.0",
    "display" : "Data services"
  },
  {
    "code" : "4.1",
    "display" : "Data collection, management, and use"
  },
  {
    "code" : "4.1.1",
    "display" : "Non‐routine data collection and management"
  },
  {
    "code" : "4.1.2",
    "display" : "Data storage and aggregation"
  },
  {
    "code" : "4.1.3",
    "display" : "Data synthesis and visualisation"
  },
  {
    "code" : "4.1.4",
    "display" : "Automated analysis of data to generate new information or predictions on future events"
  },
  {
    "code" : "4.2",
    "display" : "Data coding"
  },
  {
    "code" : "4.2.1",
    "display" : "Parse unstructured data into structured data"
  },
  {
    "code" : "4.2.2",
    "display" : "Merge, de‐duplicate, and curate coded datasets or terminologies"
  },
  {
    "code" : "4.2.3",
    "display" : "Classify disease codes or cause of mortality"
  },
  {
    "code" : "4.3",
    "display" : "Location mapping"
  },
  {
    "code" : "4.3.1",
    "display" : "Map location of health facilities/structures"
  },
  {
    "code" : "4.3.2",
    "display" : "Map location of health events"
  },
  {
    "code" : "4.3.3",
    "display" : "Map location of clients and households"
  },
  {
    "code" : "4.3.4",
    "display" : "Map location of health worker"
  },
  {
    "code" : "4.4",
    "display" : "Data exchange and interoperability"
  },
  {
    "code" : "4.4.1",
    "display" : "Data exchange across systems"
  }]
}