"Id","Path","Slice Name","Alias(s)","Label","Min","Max","Must Support?","Is Modifier?","Is Summary?","Type(s)","Short","Definition","Comments","Requirements","Default Value","Meaning When Missing","Fixed Value","Pattern","Example","Minimum Value","Maximum Value","Maximum Length","Binding Strength","Binding Description","Binding Value Set","Code","Slicing Discriminator","Slicing Description","Slicing Ordered","Slicing Rules","Base Path","Base Min","Base Max","Condition(s)","Constraint(s)"
"HealthInterventions","HealthInterventions","","","",0,*,"","","","null {[]} {[]}
","Health Interventions and Recommendations (DAK)","Logical Model for representing Health Interventions and Recommendations from a DAK. Overview of the health interventions and WHO, regional or national recommendations included within the DAK.","","","","","","","","","",,,,,"",,,,"Base",0,*,"",""
"HealthInterventions.reference","HealthInterventions.reference","","","",1,*,"","","","http://smart.who.int/base/StructureDefinition/DublinCore {[]} {[]}
","Reference","Reference data element using Dublin Core metadata","","","","","","","","","",,,,,"",,,,"HealthInterventions.reference",1,*,"",""
"HealthInterventions.source","HealthInterventions.source","","","",0,*,"","","","uri {[]} {[]}
","Source","Source URI for the health intervention or recommendation","","","","","","","","","",,,,,"",,,,"HealthInterventions.source",0,*,"",""
