{
  "resourceType" : "CodeSystem",
  "id" : "SGPersonaTypes",
  "text" : {
    "status" : "generated",
    "div" : "<div xmlns=\"http://www.w3.org/1999/xhtml\"><p class=\"res-header-id\"><b>Generated Narrative: CodeSystem SGPersonaTypes</b></p><a name=\"SGPersonaTypes\"> </a><a name=\"hcSGPersonaTypes\"> </a><p>This case-insensitive code system <code>http://smart.who.int/base/CodeSystem/SGPersonaTypes</code> defines the following codes:</p><table class=\"codes\"><tr><td style=\"white-space:nowrap\"><b>Code</b></td><td><b>Display</b></td><td><b>Definition</b></td></tr><tr><td style=\"white-space:nowrap\">key<a name=\"SGPersonaTypes-key\"> </a></td><td>Key Persona</td><td>Key Persona for workflows in this DAK</td></tr><tr><td style=\"white-space:nowrap\">related<a name=\"SGPersonaTypes-related\"> </a></td><td>Related Persona</td><td>Related Personas that don't directly enact in any workflow in this DAK</td></tr><tr><td style=\"white-space:nowrap\">system<a name=\"SGPersonaTypes-system\"> </a></td><td>System</td><td>Digital Systems that interact in this DAK</td></tr><tr><td style=\"white-space:nowrap\">hardware<a name=\"SGPersonaTypes-hardware\"> </a></td><td>Hardware Device</td><td>Hardware devices required to perform workflows in the DAK</td></tr></table></div>"
  },
  "url" : "http://smart.who.int/base/CodeSystem/SGPersonaTypes",
  "version" : "0.2.0",
  "name" : "SGPersonaTypes",
  "title" : "SMART Guidelines Persona Types",
  "status" : "active",
  "experimental" : true,
  "date" : "2025-09-23T13:31:40+00:00",
  "publisher" : "WHO",
  "contact" : [{
    "name" : "WHO",
    "telecom" : [{
      "system" : "url",
      "value" : "http://who.int"
    }]
  }],
  "description" : "CodeSystem for SMART Guidelines Persona Types",
  "caseSensitive" : false,
  "content" : "complete",
  "count" : 4,
  "concept" : [{
    "code" : "key",
    "display" : "Key Persona",
    "definition" : "Key Persona for workflows in this DAK"
  },
  {
    "code" : "related",
    "display" : "Related Persona",
    "definition" : "Related Personas that don't directly enact in any workflow in this DAK"
  },
  {
    "code" : "system",
    "display" : "System",
    "definition" : "Digital Systems that interact in this DAK"
  },
  {
    "code" : "hardware",
    "display" : "Hardware Device",
    "definition" : "Hardware devices required to perform workflows in the DAK"
  }]
}