{
  "resourceType" : "ValueSet",
  "id" : "CDSCv1",
  "text" : {
    "status" : "generated",
    "div" : "<div xmlns=\"http://www.w3.org/1999/xhtml\"><p class=\"res-header-id\"><b>Generated Narrative: ValueSet CDSCv1</b></p><a name=\"CDSCv1\"> </a><a name=\"hcCDSCv1\"> </a><ul><li>Include all codes defined in <a href=\"CodeSystem-CDSCv1.html\"><code>http://smart.who.int/base/CodeSystem/CDSCv1</code></a></li></ul></div>"
  },
  "url" : "http://smart.who.int/base/ValueSet/CDSCv1",
  "version" : "0.2.0",
  "name" : "CDSCv1",
  "title" : "Classification of Digital Health System Categories v1",
  "status" : "active",
  "experimental" : true,
  "date" : "2025-09-23T15:00:06+00:00",
  "publisher" : "WHO",
  "contact" : [{
    "name" : "WHO",
    "telecom" : [{
      "system" : "url",
      "value" : "http://who.int"
    }]
  }],
  "description" : "Value Set for Classification of Digital Health System Categories v1. Autogenerated from DAK artifacts",
  "compose" : {
    "include" : [{
      "system" : "http://smart.who.int/base/CodeSystem/CDSCv1"
    }]
  }
}