{
  "resourceType" : "ConceptMap",
  "id" : "CDHIv1Hierarchy",
  "text" : {
    "status" : "generated",
    "div" : "<div xmlns=\"http://www.w3.org/1999/xhtml\"><p class=\"res-header-id\"><b>Generated Narrative: ConceptMap CDHIv1Hierarchy</b></p><a name=\"CDHIv1Hierarchy\"> </a><a name=\"hcCDHIv1Hierarchy\"> </a><p>Mapping from <a href=\"ValueSet-CDHIv1.html\">Classification of Digital Health Interventions v1</a> to <a href=\"ValueSet-CDHIv1.html\">Classification of Digital Health Interventions v1</a></p><br/><p><b>Group 1 </b>Mapping from <a href=\"ValueSet-CDHIv1.html\">Classification of Digital Health Interventions v1</a> to <a href=\"ValueSet-CDHIv1.html\">Classification of Digital Health Interventions v1</a></p><table class=\"grid\"><tr><td><b>Source Code</b></td><td><b>Relationship</b></td><td><b>Target Code</b></td></tr><tr><td>1.0</td><td><a href=\"http://hl7.org/fhir/R5/codesystem-concept-map-relationship.html#narrower\" title=\"narrower\">narrower</a></td><td>1</td></tr><tr><td>1.1</td><td><a href=\"http://hl7.org/fhir/R5/codesystem-concept-map-relationship.html#narrower\" title=\"narrower\">narrower</a></td><td>1</td></tr><tr><td>1.1.1</td><td><a href=\"http://hl7.org/fhir/R5/codesystem-concept-map-relationship.html#narrower\" title=\"narrower\">narrower</a></td><td>1.1</td></tr><tr><td>1.1.2</td><td><a href=\"http://hl7.org/fhir/R5/codesystem-concept-map-relationship.html#narrower\" title=\"narrower\">narrower</a></td><td>1.1</td></tr><tr><td>1.1.3</td><td><a href=\"http://hl7.org/fhir/R5/codesystem-concept-map-relationship.html#narrower\" title=\"narrower\">narrower</a></td><td>1.1</td></tr><tr><td>1.1.4</td><td><a href=\"http://hl7.org/fhir/R5/codesystem-concept-map-relationship.html#narrower\" title=\"narrower\">narrower</a></td><td>1.1</td></tr><tr><td>1.2</td><td><a href=\"http://hl7.org/fhir/R5/codesystem-concept-map-relationship.html#narrower\" title=\"narrower\">narrower</a></td><td>1</td></tr><tr><td>1.2.1</td><td><a href=\"http://hl7.org/fhir/R5/codesystem-concept-map-relationship.html#narrower\" title=\"narrower\">narrower</a></td><td>1.2</td></tr><tr><td>1.2.2</td><td><a href=\"http://hl7.org/fhir/R5/codesystem-concept-map-relationship.html#narrower\" title=\"narrower\">narrower</a></td><td>1.2</td></tr><tr><td>1.3</td><td><a href=\"http://hl7.org/fhir/R5/codesystem-concept-map-relationship.html#narrower\" title=\"narrower\">narrower</a></td><td>1</td></tr><tr><td>1.3.1</td><td><a href=\"http://hl7.org/fhir/R5/codesystem-concept-map-relationship.html#narrower\" title=\"narrower\">narrower</a></td><td>1.3</td></tr><tr><td>1.4</td><td><a href=\"http://hl7.org/fhir/R5/codesystem-concept-map-relationship.html#narrower\" title=\"narrower\">narrower</a></td><td>1</td></tr><tr><td>1.4.1</td><td><a href=\"http://hl7.org/fhir/R5/codesystem-concept-map-relationship.html#narrower\" title=\"narrower\">narrower</a></td><td>1.4</td></tr><tr><td>1.4.2</td><td><a href=\"http://hl7.org/fhir/R5/codesystem-concept-map-relationship.html#narrower\" title=\"narrower\">narrower</a></td><td>1.4</td></tr><tr><td>1.4.3</td><td><a href=\"http://hl7.org/fhir/R5/codesystem-concept-map-relationship.html#narrower\" title=\"narrower\">narrower</a></td><td>1.4</td></tr><tr><td>1.5</td><td><a href=\"http://hl7.org/fhir/R5/codesystem-concept-map-relationship.html#narrower\" title=\"narrower\">narrower</a></td><td>1</td></tr><tr><td>1.5.1</td><td><a href=\"http://hl7.org/fhir/R5/codesystem-concept-map-relationship.html#narrower\" title=\"narrower\">narrower</a></td><td>1.5</td></tr><tr><td>1.5.2</td><td><a href=\"http://hl7.org/fhir/R5/codesystem-concept-map-relationship.html#narrower\" title=\"narrower\">narrower</a></td><td>1.5</td></tr><tr><td>1.6</td><td><a href=\"http://hl7.org/fhir/R5/codesystem-concept-map-relationship.html#narrower\" title=\"narrower\">narrower</a></td><td>1</td></tr><tr><td>1.6.1</td><td><a href=\"http://hl7.org/fhir/R5/codesystem-concept-map-relationship.html#narrower\" title=\"narrower\">narrower</a></td><td>1.6</td></tr><tr><td>1.7</td><td><a href=\"http://hl7.org/fhir/R5/codesystem-concept-map-relationship.html#narrower\" title=\"narrower\">narrower</a></td><td>1</td></tr><tr><td>1.7.1</td><td><a href=\"http://hl7.org/fhir/R5/codesystem-concept-map-relationship.html#narrower\" title=\"narrower\">narrower</a></td><td>1.7</td></tr><tr><td>1.7.2</td><td><a href=\"http://hl7.org/fhir/R5/codesystem-concept-map-relationship.html#narrower\" title=\"narrower\">narrower</a></td><td>1.7</td></tr><tr><td>1.7.3</td><td><a href=\"http://hl7.org/fhir/R5/codesystem-concept-map-relationship.html#narrower\" title=\"narrower\">narrower</a></td><td>1.7</td></tr><tr><td>2.0</td><td><a href=\"http://hl7.org/fhir/R5/codesystem-concept-map-relationship.html#narrower\" title=\"narrower\">narrower</a></td><td>2</td></tr><tr><td>2.1</td><td><a href=\"http://hl7.org/fhir/R5/codesystem-concept-map-relationship.html#narrower\" title=\"narrower\">narrower</a></td><td>2</td></tr><tr><td>2.1.1</td><td><a href=\"http://hl7.org/fhir/R5/codesystem-concept-map-relationship.html#narrower\" title=\"narrower\">narrower</a></td><td>2.1</td></tr><tr><td>2.1.2</td><td><a href=\"http://hl7.org/fhir/R5/codesystem-concept-map-relationship.html#narrower\" title=\"narrower\">narrower</a></td><td>2.1</td></tr><tr><td>2.2</td><td><a href=\"http://hl7.org/fhir/R5/codesystem-concept-map-relationship.html#narrower\" title=\"narrower\">narrower</a></td><td>2</td></tr><tr><td>2.2.1</td><td><a href=\"http://hl7.org/fhir/R5/codesystem-concept-map-relationship.html#narrower\" title=\"narrower\">narrower</a></td><td>2.2</td></tr><tr><td>2.2.2</td><td><a href=\"http://hl7.org/fhir/R5/codesystem-concept-map-relationship.html#narrower\" title=\"narrower\">narrower</a></td><td>2.2</td></tr><tr><td>2.2.3</td><td><a href=\"http://hl7.org/fhir/R5/codesystem-concept-map-relationship.html#narrower\" title=\"narrower\">narrower</a></td><td>2.2</td></tr><tr><td>2.2.4</td><td><a href=\"http://hl7.org/fhir/R5/codesystem-concept-map-relationship.html#narrower\" title=\"narrower\">narrower</a></td><td>2.2</td></tr><tr><td>2.3</td><td><a href=\"http://hl7.org/fhir/R5/codesystem-concept-map-relationship.html#narrower\" title=\"narrower\">narrower</a></td><td>2</td></tr><tr><td>2.3.1</td><td><a href=\"http://hl7.org/fhir/R5/codesystem-concept-map-relationship.html#narrower\" title=\"narrower\">narrower</a></td><td>2.3</td></tr><tr><td>2.3.2</td><td><a href=\"http://hl7.org/fhir/R5/codesystem-concept-map-relationship.html#narrower\" title=\"narrower\">narrower</a></td><td>2.3</td></tr><tr><td>2.3.3</td><td><a href=\"http://hl7.org/fhir/R5/codesystem-concept-map-relationship.html#narrower\" title=\"narrower\">narrower</a></td><td>2.3</td></tr><tr><td>2.4</td><td><a href=\"http://hl7.org/fhir/R5/codesystem-concept-map-relationship.html#narrower\" title=\"narrower\">narrower</a></td><td>2</td></tr><tr><td>2.4.1</td><td><a href=\"http://hl7.org/fhir/R5/codesystem-concept-map-relationship.html#narrower\" title=\"narrower\">narrower</a></td><td>2.4</td></tr><tr><td>2.4.2</td><td><a href=\"http://hl7.org/fhir/R5/codesystem-concept-map-relationship.html#narrower\" title=\"narrower\">narrower</a></td><td>2.4</td></tr><tr><td>2.4.3</td><td><a href=\"http://hl7.org/fhir/R5/codesystem-concept-map-relationship.html#narrower\" title=\"narrower\">narrower</a></td><td>2.4</td></tr><tr><td>2.4.4</td><td><a href=\"http://hl7.org/fhir/R5/codesystem-concept-map-relationship.html#narrower\" title=\"narrower\">narrower</a></td><td>2.4</td></tr><tr><td>2.5</td><td><a href=\"http://hl7.org/fhir/R5/codesystem-concept-map-relationship.html#narrower\" title=\"narrower\">narrower</a></td><td>2</td></tr><tr><td>2.5.1</td><td><a href=\"http://hl7.org/fhir/R5/codesystem-concept-map-relationship.html#narrower\" title=\"narrower\">narrower</a></td><td>2.5</td></tr><tr><td>2.5.2</td><td><a href=\"http://hl7.org/fhir/R5/codesystem-concept-map-relationship.html#narrower\" title=\"narrower\">narrower</a></td><td>2.5</td></tr><tr><td>2.5.3</td><td><a href=\"http://hl7.org/fhir/R5/codesystem-concept-map-relationship.html#narrower\" title=\"narrower\">narrower</a></td><td>2.5</td></tr><tr><td>2.5.4</td><td><a href=\"http://hl7.org/fhir/R5/codesystem-concept-map-relationship.html#narrower\" title=\"narrower\">narrower</a></td><td>2.5</td></tr><tr><td>2.5.5</td><td><a href=\"http://hl7.org/fhir/R5/codesystem-concept-map-relationship.html#narrower\" title=\"narrower\">narrower</a></td><td>2.5</td></tr><tr><td>2.6</td><td><a href=\"http://hl7.org/fhir/R5/codesystem-concept-map-relationship.html#narrower\" title=\"narrower\">narrower</a></td><td>2</td></tr><tr><td>2.6.1</td><td><a href=\"http://hl7.org/fhir/R5/codesystem-concept-map-relationship.html#narrower\" title=\"narrower\">narrower</a></td><td>2.6</td></tr><tr><td>2.6.2</td><td><a href=\"http://hl7.org/fhir/R5/codesystem-concept-map-relationship.html#narrower\" title=\"narrower\">narrower</a></td><td>2.6</td></tr><tr><td>2.6.3</td><td><a href=\"http://hl7.org/fhir/R5/codesystem-concept-map-relationship.html#narrower\" title=\"narrower\">narrower</a></td><td>2.6</td></tr><tr><td>2.7</td><td><a href=\"http://hl7.org/fhir/R5/codesystem-concept-map-relationship.html#narrower\" title=\"narrower\">narrower</a></td><td>2</td></tr><tr><td>2.7.1</td><td><a href=\"http://hl7.org/fhir/R5/codesystem-concept-map-relationship.html#narrower\" title=\"narrower\">narrower</a></td><td>2.7</td></tr><tr><td>2.7.2</td><td><a href=\"http://hl7.org/fhir/R5/codesystem-concept-map-relationship.html#narrower\" title=\"narrower\">narrower</a></td><td>2.7</td></tr><tr><td>2.8</td><td><a href=\"http://hl7.org/fhir/R5/codesystem-concept-map-relationship.html#narrower\" title=\"narrower\">narrower</a></td><td>2</td></tr><tr><td>2.8.1</td><td><a href=\"http://hl7.org/fhir/R5/codesystem-concept-map-relationship.html#narrower\" title=\"narrower\">narrower</a></td><td>2.8</td></tr><tr><td>2.8.2</td><td><a href=\"http://hl7.org/fhir/R5/codesystem-concept-map-relationship.html#narrower\" title=\"narrower\">narrower</a></td><td>2.8</td></tr><tr><td>2.9</td><td><a href=\"http://hl7.org/fhir/R5/codesystem-concept-map-relationship.html#narrower\" title=\"narrower\">narrower</a></td><td>2</td></tr><tr><td>2.9.1</td><td><a href=\"http://hl7.org/fhir/R5/codesystem-concept-map-relationship.html#narrower\" title=\"narrower\">narrower</a></td><td>2.9</td></tr><tr><td>2.9.2</td><td><a href=\"http://hl7.org/fhir/R5/codesystem-concept-map-relationship.html#narrower\" title=\"narrower\">narrower</a></td><td>2.9</td></tr><tr><td>2.9.3</td><td><a href=\"http://hl7.org/fhir/R5/codesystem-concept-map-relationship.html#narrower\" title=\"narrower\">narrower</a></td><td>2.9</td></tr><tr><td>2.10</td><td><a href=\"http://hl7.org/fhir/R5/codesystem-concept-map-relationship.html#narrower\" title=\"narrower\">narrower</a></td><td>2</td></tr><tr><td>2.10.1</td><td><a href=\"http://hl7.org/fhir/R5/codesystem-concept-map-relationship.html#narrower\" title=\"narrower\">narrower</a></td><td>2.10</td></tr><tr><td>2.10.2</td><td><a href=\"http://hl7.org/fhir/R5/codesystem-concept-map-relationship.html#narrower\" title=\"narrower\">narrower</a></td><td>2.10</td></tr><tr><td>2.10.3</td><td><a href=\"http://hl7.org/fhir/R5/codesystem-concept-map-relationship.html#narrower\" title=\"narrower\">narrower</a></td><td>2.10</td></tr><tr><td>2.10.4</td><td><a href=\"http://hl7.org/fhir/R5/codesystem-concept-map-relationship.html#narrower\" title=\"narrower\">narrower</a></td><td>2.10</td></tr><tr><td>3.0</td><td><a href=\"http://hl7.org/fhir/R5/codesystem-concept-map-relationship.html#narrower\" title=\"narrower\">narrower</a></td><td>3</td></tr><tr><td>3.1</td><td><a href=\"http://hl7.org/fhir/R5/codesystem-concept-map-relationship.html#narrower\" title=\"narrower\">narrower</a></td><td>3</td></tr><tr><td>3.1.1</td><td><a href=\"http://hl7.org/fhir/R5/codesystem-concept-map-relationship.html#narrower\" title=\"narrower\">narrower</a></td><td>3.1</td></tr><tr><td>3.1.2</td><td><a href=\"http://hl7.org/fhir/R5/codesystem-concept-map-relationship.html#narrower\" title=\"narrower\">narrower</a></td><td>3.1</td></tr><tr><td>3.1.3</td><td><a href=\"http://hl7.org/fhir/R5/codesystem-concept-map-relationship.html#narrower\" title=\"narrower\">narrower</a></td><td>3.1</td></tr><tr><td>3.1.4</td><td><a href=\"http://hl7.org/fhir/R5/codesystem-concept-map-relationship.html#narrower\" title=\"narrower\">narrower</a></td><td>3.1</td></tr><tr><td>3.2</td><td><a href=\"http://hl7.org/fhir/R5/codesystem-concept-map-relationship.html#narrower\" title=\"narrower\">narrower</a></td><td>3</td></tr><tr><td>3.2.1</td><td><a href=\"http://hl7.org/fhir/R5/codesystem-concept-map-relationship.html#narrower\" title=\"narrower\">narrower</a></td><td>3.2</td></tr><tr><td>3.2.2</td><td><a href=\"http://hl7.org/fhir/R5/codesystem-concept-map-relationship.html#narrower\" title=\"narrower\">narrower</a></td><td>3.2</td></tr><tr><td>3.2.3</td><td><a href=\"http://hl7.org/fhir/R5/codesystem-concept-map-relationship.html#narrower\" title=\"narrower\">narrower</a></td><td>3.2</td></tr><tr><td>3.2.4</td><td><a href=\"http://hl7.org/fhir/R5/codesystem-concept-map-relationship.html#narrower\" title=\"narrower\">narrower</a></td><td>3.2</td></tr><tr><td>3.2.5</td><td><a href=\"http://hl7.org/fhir/R5/codesystem-concept-map-relationship.html#narrower\" title=\"narrower\">narrower</a></td><td>3.2</td></tr><tr><td>3.2.6</td><td><a href=\"http://hl7.org/fhir/R5/codesystem-concept-map-relationship.html#narrower\" title=\"narrower\">narrower</a></td><td>3.2</td></tr><tr><td>3.3</td><td><a href=\"http://hl7.org/fhir/R5/codesystem-concept-map-relationship.html#narrower\" title=\"narrower\">narrower</a></td><td>3</td></tr><tr><td>3.3.1</td><td><a href=\"http://hl7.org/fhir/R5/codesystem-concept-map-relationship.html#narrower\" title=\"narrower\">narrower</a></td><td>3.3</td></tr><tr><td>3.4</td><td><a href=\"http://hl7.org/fhir/R5/codesystem-concept-map-relationship.html#narrower\" title=\"narrower\">narrower</a></td><td>3</td></tr><tr><td>3.4.1</td><td><a href=\"http://hl7.org/fhir/R5/codesystem-concept-map-relationship.html#narrower\" title=\"narrower\">narrower</a></td><td>3.4</td></tr><tr><td>3.4.2</td><td><a href=\"http://hl7.org/fhir/R5/codesystem-concept-map-relationship.html#narrower\" title=\"narrower\">narrower</a></td><td>3.4</td></tr><tr><td>3.4.3</td><td><a href=\"http://hl7.org/fhir/R5/codesystem-concept-map-relationship.html#narrower\" title=\"narrower\">narrower</a></td><td>3.4</td></tr><tr><td>3.4.4</td><td><a href=\"http://hl7.org/fhir/R5/codesystem-concept-map-relationship.html#narrower\" title=\"narrower\">narrower</a></td><td>3.4</td></tr><tr><td>3.4.5</td><td><a href=\"http://hl7.org/fhir/R5/codesystem-concept-map-relationship.html#narrower\" title=\"narrower\">narrower</a></td><td>3.4</td></tr><tr><td>3.4.6</td><td><a href=\"http://hl7.org/fhir/R5/codesystem-concept-map-relationship.html#narrower\" title=\"narrower\">narrower</a></td><td>3.4</td></tr><tr><td>3.5</td><td><a href=\"http://hl7.org/fhir/R5/codesystem-concept-map-relationship.html#narrower\" title=\"narrower\">narrower</a></td><td>3</td></tr><tr><td>3.5.1</td><td><a href=\"http://hl7.org/fhir/R5/codesystem-concept-map-relationship.html#narrower\" title=\"narrower\">narrower</a></td><td>3.5</td></tr><tr><td>3.5.2</td><td><a href=\"http://hl7.org/fhir/R5/codesystem-concept-map-relationship.html#narrower\" title=\"narrower\">narrower</a></td><td>3.5</td></tr><tr><td>3.5.3</td><td><a href=\"http://hl7.org/fhir/R5/codesystem-concept-map-relationship.html#narrower\" title=\"narrower\">narrower</a></td><td>3.5</td></tr><tr><td>3.5.4</td><td><a href=\"http://hl7.org/fhir/R5/codesystem-concept-map-relationship.html#narrower\" title=\"narrower\">narrower</a></td><td>3.5</td></tr><tr><td>3.5.5</td><td><a href=\"http://hl7.org/fhir/R5/codesystem-concept-map-relationship.html#narrower\" title=\"narrower\">narrower</a></td><td>3.5</td></tr><tr><td>3.5.6</td><td><a href=\"http://hl7.org/fhir/R5/codesystem-concept-map-relationship.html#narrower\" title=\"narrower\">narrower</a></td><td>3.5</td></tr><tr><td>3.6</td><td><a href=\"http://hl7.org/fhir/R5/codesystem-concept-map-relationship.html#narrower\" title=\"narrower\">narrower</a></td><td>3</td></tr><tr><td>3.6.1</td><td><a href=\"http://hl7.org/fhir/R5/codesystem-concept-map-relationship.html#narrower\" title=\"narrower\">narrower</a></td><td>3.6</td></tr><tr><td>3.6.2</td><td><a href=\"http://hl7.org/fhir/R5/codesystem-concept-map-relationship.html#narrower\" title=\"narrower\">narrower</a></td><td>3.6</td></tr><tr><td>3.7</td><td><a href=\"http://hl7.org/fhir/R5/codesystem-concept-map-relationship.html#narrower\" title=\"narrower\">narrower</a></td><td>3</td></tr><tr><td>3.7.1</td><td><a href=\"http://hl7.org/fhir/R5/codesystem-concept-map-relationship.html#narrower\" title=\"narrower\">narrower</a></td><td>3.7</td></tr><tr><td>3.7.2</td><td><a href=\"http://hl7.org/fhir/R5/codesystem-concept-map-relationship.html#narrower\" title=\"narrower\">narrower</a></td><td>3.7</td></tr><tr><td>4.0</td><td><a href=\"http://hl7.org/fhir/R5/codesystem-concept-map-relationship.html#narrower\" title=\"narrower\">narrower</a></td><td>4</td></tr><tr><td>4.1</td><td><a href=\"http://hl7.org/fhir/R5/codesystem-concept-map-relationship.html#narrower\" title=\"narrower\">narrower</a></td><td>4</td></tr><tr><td>4.1.1</td><td><a href=\"http://hl7.org/fhir/R5/codesystem-concept-map-relationship.html#narrower\" title=\"narrower\">narrower</a></td><td>4.1</td></tr><tr><td>4.1.2</td><td><a href=\"http://hl7.org/fhir/R5/codesystem-concept-map-relationship.html#narrower\" title=\"narrower\">narrower</a></td><td>4.1</td></tr><tr><td>4.1.3</td><td><a href=\"http://hl7.org/fhir/R5/codesystem-concept-map-relationship.html#narrower\" title=\"narrower\">narrower</a></td><td>4.1</td></tr><tr><td>4.1.4</td><td><a href=\"http://hl7.org/fhir/R5/codesystem-concept-map-relationship.html#narrower\" title=\"narrower\">narrower</a></td><td>4.1</td></tr><tr><td>4.2</td><td><a href=\"http://hl7.org/fhir/R5/codesystem-concept-map-relationship.html#narrower\" title=\"narrower\">narrower</a></td><td>4</td></tr><tr><td>4.2.1</td><td><a href=\"http://hl7.org/fhir/R5/codesystem-concept-map-relationship.html#narrower\" title=\"narrower\">narrower</a></td><td>4.2</td></tr><tr><td>4.2.2</td><td><a href=\"http://hl7.org/fhir/R5/codesystem-concept-map-relationship.html#narrower\" title=\"narrower\">narrower</a></td><td>4.2</td></tr><tr><td>4.2.3</td><td><a href=\"http://hl7.org/fhir/R5/codesystem-concept-map-relationship.html#narrower\" title=\"narrower\">narrower</a></td><td>4.2</td></tr><tr><td>4.3</td><td><a href=\"http://hl7.org/fhir/R5/codesystem-concept-map-relationship.html#narrower\" title=\"narrower\">narrower</a></td><td>4</td></tr><tr><td>4.3.1</td><td><a href=\"http://hl7.org/fhir/R5/codesystem-concept-map-relationship.html#narrower\" title=\"narrower\">narrower</a></td><td>4.3</td></tr><tr><td>4.3.2</td><td><a href=\"http://hl7.org/fhir/R5/codesystem-concept-map-relationship.html#narrower\" title=\"narrower\">narrower</a></td><td>4.3</td></tr><tr><td>4.3.3</td><td><a href=\"http://hl7.org/fhir/R5/codesystem-concept-map-relationship.html#narrower\" title=\"narrower\">narrower</a></td><td>4.3</td></tr><tr><td>4.3.4</td><td><a href=\"http://hl7.org/fhir/R5/codesystem-concept-map-relationship.html#narrower\" title=\"narrower\">narrower</a></td><td>4.3</td></tr><tr><td>4.4</td><td><a href=\"http://hl7.org/fhir/R5/codesystem-concept-map-relationship.html#narrower\" title=\"narrower\">narrower</a></td><td>4</td></tr><tr><td>4.4.1</td><td><a href=\"http://hl7.org/fhir/R5/codesystem-concept-map-relationship.html#narrower\" title=\"narrower\">narrower</a></td><td>4.4</td></tr></table></div>"
  },
  "url" : "http://smart.who.int/base/ConceptMap/CDHIv1Hierarchy",
  "version" : "0.2.0",
  "name" : "CDHIv1Hierarchy",
  "title" : "Hierarchy of the Classification of Digital Health Interventions v1",
  "status" : "active",
  "experimental" : false,
  "date" : "2025-10-09T13:26:01+00:00",
  "publisher" : "WHO",
  "contact" : [{
    "name" : "WHO",
    "telecom" : [{
      "system" : "url",
      "value" : "http://who.int"
    }]
  }],
  "description" : "Mapping to represent hierarchy within Hierarchy of the Classification of Digital Health Interventions v1.",
  "sourceCanonical" : "http://smart.who.int/base/ValueSet/CDHIv1",
  "targetCanonical" : "http://smart.who.int/base/ValueSet/CDHIv1",
  "group" : [{
    "source" : "http://smart.who.int/base/ValueSet/CDHIv1",
    "target" : "http://smart.who.int/base/ValueSet/CDHIv1",
    "element" : [{
      "code" : "1.0",
      "target" : [{
        "code" : "1",
        "equivalence" : "narrower"
      }]
    },
    {
      "code" : "1.1",
      "target" : [{
        "code" : "1",
        "equivalence" : "narrower"
      }]
    },
    {
      "code" : "1.1.1",
      "target" : [{
        "code" : "1.1",
        "equivalence" : "narrower"
      }]
    },
    {
      "code" : "1.1.2",
      "target" : [{
        "code" : "1.1",
        "equivalence" : "narrower"
      }]
    },
    {
      "code" : "1.1.3",
      "target" : [{
        "code" : "1.1",
        "equivalence" : "narrower"
      }]
    },
    {
      "code" : "1.1.4",
      "target" : [{
        "code" : "1.1",
        "equivalence" : "narrower"
      }]
    },
    {
      "code" : "1.2",
      "target" : [{
        "code" : "1",
        "equivalence" : "narrower"
      }]
    },
    {
      "code" : "1.2.1",
      "target" : [{
        "code" : "1.2",
        "equivalence" : "narrower"
      }]
    },
    {
      "code" : "1.2.2",
      "target" : [{
        "code" : "1.2",
        "equivalence" : "narrower"
      }]
    },
    {
      "code" : "1.3",
      "target" : [{
        "code" : "1",
        "equivalence" : "narrower"
      }]
    },
    {
      "code" : "1.3.1",
      "target" : [{
        "code" : "1.3",
        "equivalence" : "narrower"
      }]
    },
    {
      "code" : "1.4",
      "target" : [{
        "code" : "1",
        "equivalence" : "narrower"
      }]
    },
    {
      "code" : "1.4.1",
      "target" : [{
        "code" : "1.4",
        "equivalence" : "narrower"
      }]
    },
    {
      "code" : "1.4.2",
      "target" : [{
        "code" : "1.4",
        "equivalence" : "narrower"
      }]
    },
    {
      "code" : "1.4.3",
      "target" : [{
        "code" : "1.4",
        "equivalence" : "narrower"
      }]
    },
    {
      "code" : "1.5",
      "target" : [{
        "code" : "1",
        "equivalence" : "narrower"
      }]
    },
    {
      "code" : "1.5.1",
      "target" : [{
        "code" : "1.5",
        "equivalence" : "narrower"
      }]
    },
    {
      "code" : "1.5.2",
      "target" : [{
        "code" : "1.5",
        "equivalence" : "narrower"
      }]
    },
    {
      "code" : "1.6",
      "target" : [{
        "code" : "1",
        "equivalence" : "narrower"
      }]
    },
    {
      "code" : "1.6.1",
      "target" : [{
        "code" : "1.6",
        "equivalence" : "narrower"
      }]
    },
    {
      "code" : "1.7",
      "target" : [{
        "code" : "1",
        "equivalence" : "narrower"
      }]
    },
    {
      "code" : "1.7.1",
      "target" : [{
        "code" : "1.7",
        "equivalence" : "narrower"
      }]
    },
    {
      "code" : "1.7.2",
      "target" : [{
        "code" : "1.7",
        "equivalence" : "narrower"
      }]
    },
    {
      "code" : "1.7.3",
      "target" : [{
        "code" : "1.7",
        "equivalence" : "narrower"
      }]
    },
    {
      "code" : "2.0",
      "target" : [{
        "code" : "2",
        "equivalence" : "narrower"
      }]
    },
    {
      "code" : "2.1",
      "target" : [{
        "code" : "2",
        "equivalence" : "narrower"
      }]
    },
    {
      "code" : "2.1.1",
      "target" : [{
        "code" : "2.1",
        "equivalence" : "narrower"
      }]
    },
    {
      "code" : "2.1.2",
      "target" : [{
        "code" : "2.1",
        "equivalence" : "narrower"
      }]
    },
    {
      "code" : "2.2",
      "target" : [{
        "code" : "2",
        "equivalence" : "narrower"
      }]
    },
    {
      "code" : "2.2.1",
      "target" : [{
        "code" : "2.2",
        "equivalence" : "narrower"
      }]
    },
    {
      "code" : "2.2.2",
      "target" : [{
        "code" : "2.2",
        "equivalence" : "narrower"
      }]
    },
    {
      "code" : "2.2.3",
      "target" : [{
        "code" : "2.2",
        "equivalence" : "narrower"
      }]
    },
    {
      "code" : "2.2.4",
      "target" : [{
        "code" : "2.2",
        "equivalence" : "narrower"
      }]
    },
    {
      "code" : "2.3",
      "target" : [{
        "code" : "2",
        "equivalence" : "narrower"
      }]
    },
    {
      "code" : "2.3.1",
      "target" : [{
        "code" : "2.3",
        "equivalence" : "narrower"
      }]
    },
    {
      "code" : "2.3.2",
      "target" : [{
        "code" : "2.3",
        "equivalence" : "narrower"
      }]
    },
    {
      "code" : "2.3.3",
      "target" : [{
        "code" : "2.3",
        "equivalence" : "narrower"
      }]
    },
    {
      "code" : "2.4",
      "target" : [{
        "code" : "2",
        "equivalence" : "narrower"
      }]
    },
    {
      "code" : "2.4.1",
      "target" : [{
        "code" : "2.4",
        "equivalence" : "narrower"
      }]
    },
    {
      "code" : "2.4.2",
      "target" : [{
        "code" : "2.4",
        "equivalence" : "narrower"
      }]
    },
    {
      "code" : "2.4.3",
      "target" : [{
        "code" : "2.4",
        "equivalence" : "narrower"
      }]
    },
    {
      "code" : "2.4.4",
      "target" : [{
        "code" : "2.4",
        "equivalence" : "narrower"
      }]
    },
    {
      "code" : "2.5",
      "target" : [{
        "code" : "2",
        "equivalence" : "narrower"
      }]
    },
    {
      "code" : "2.5.1",
      "target" : [{
        "code" : "2.5",
        "equivalence" : "narrower"
      }]
    },
    {
      "code" : "2.5.2",
      "target" : [{
        "code" : "2.5",
        "equivalence" : "narrower"
      }]
    },
    {
      "code" : "2.5.3",
      "target" : [{
        "code" : "2.5",
        "equivalence" : "narrower"
      }]
    },
    {
      "code" : "2.5.4",
      "target" : [{
        "code" : "2.5",
        "equivalence" : "narrower"
      }]
    },
    {
      "code" : "2.5.5",
      "target" : [{
        "code" : "2.5",
        "equivalence" : "narrower"
      }]
    },
    {
      "code" : "2.6",
      "target" : [{
        "code" : "2",
        "equivalence" : "narrower"
      }]
    },
    {
      "code" : "2.6.1",
      "target" : [{
        "code" : "2.6",
        "equivalence" : "narrower"
      }]
    },
    {
      "code" : "2.6.2",
      "target" : [{
        "code" : "2.6",
        "equivalence" : "narrower"
      }]
    },
    {
      "code" : "2.6.3",
      "target" : [{
        "code" : "2.6",
        "equivalence" : "narrower"
      }]
    },
    {
      "code" : "2.7",
      "target" : [{
        "code" : "2",
        "equivalence" : "narrower"
      }]
    },
    {
      "code" : "2.7.1",
      "target" : [{
        "code" : "2.7",
        "equivalence" : "narrower"
      }]
    },
    {
      "code" : "2.7.2",
      "target" : [{
        "code" : "2.7",
        "equivalence" : "narrower"
      }]
    },
    {
      "code" : "2.8",
      "target" : [{
        "code" : "2",
        "equivalence" : "narrower"
      }]
    },
    {
      "code" : "2.8.1",
      "target" : [{
        "code" : "2.8",
        "equivalence" : "narrower"
      }]
    },
    {
      "code" : "2.8.2",
      "target" : [{
        "code" : "2.8",
        "equivalence" : "narrower"
      }]
    },
    {
      "code" : "2.9",
      "target" : [{
        "code" : "2",
        "equivalence" : "narrower"
      }]
    },
    {
      "code" : "2.9.1",
      "target" : [{
        "code" : "2.9",
        "equivalence" : "narrower"
      }]
    },
    {
      "code" : "2.9.2",
      "target" : [{
        "code" : "2.9",
        "equivalence" : "narrower"
      }]
    },
    {
      "code" : "2.9.3",
      "target" : [{
        "code" : "2.9",
        "equivalence" : "narrower"
      }]
    },
    {
      "code" : "2.10",
      "target" : [{
        "code" : "2",
        "equivalence" : "narrower"
      }]
    },
    {
      "code" : "2.10.1",
      "target" : [{
        "code" : "2.10",
        "equivalence" : "narrower"
      }]
    },
    {
      "code" : "2.10.2",
      "target" : [{
        "code" : "2.10",
        "equivalence" : "narrower"
      }]
    },
    {
      "code" : "2.10.3",
      "target" : [{
        "code" : "2.10",
        "equivalence" : "narrower"
      }]
    },
    {
      "code" : "2.10.4",
      "target" : [{
        "code" : "2.10",
        "equivalence" : "narrower"
      }]
    },
    {
      "code" : "3.0",
      "target" : [{
        "code" : "3",
        "equivalence" : "narrower"
      }]
    },
    {
      "code" : "3.1",
      "target" : [{
        "code" : "3",
        "equivalence" : "narrower"
      }]
    },
    {
      "code" : "3.1.1",
      "target" : [{
        "code" : "3.1",
        "equivalence" : "narrower"
      }]
    },
    {
      "code" : "3.1.2",
      "target" : [{
        "code" : "3.1",
        "equivalence" : "narrower"
      }]
    },
    {
      "code" : "3.1.3",
      "target" : [{
        "code" : "3.1",
        "equivalence" : "narrower"
      }]
    },
    {
      "code" : "3.1.4",
      "target" : [{
        "code" : "3.1",
        "equivalence" : "narrower"
      }]
    },
    {
      "code" : "3.2",
      "target" : [{
        "code" : "3",
        "equivalence" : "narrower"
      }]
    },
    {
      "code" : "3.2.1",
      "target" : [{
        "code" : "3.2",
        "equivalence" : "narrower"
      }]
    },
    {
      "code" : "3.2.2",
      "target" : [{
        "code" : "3.2",
        "equivalence" : "narrower"
      }]
    },
    {
      "code" : "3.2.3",
      "target" : [{
        "code" : "3.2",
        "equivalence" : "narrower"
      }]
    },
    {
      "code" : "3.2.4",
      "target" : [{
        "code" : "3.2",
        "equivalence" : "narrower"
      }]
    },
    {
      "code" : "3.2.5",
      "target" : [{
        "code" : "3.2",
        "equivalence" : "narrower"
      }]
    },
    {
      "code" : "3.2.6",
      "target" : [{
        "code" : "3.2",
        "equivalence" : "narrower"
      }]
    },
    {
      "code" : "3.3",
      "target" : [{
        "code" : "3",
        "equivalence" : "narrower"
      }]
    },
    {
      "code" : "3.3.1",
      "target" : [{
        "code" : "3.3",
        "equivalence" : "narrower"
      }]
    },
    {
      "code" : "3.4",
      "target" : [{
        "code" : "3",
        "equivalence" : "narrower"
      }]
    },
    {
      "code" : "3.4.1",
      "target" : [{
        "code" : "3.4",
        "equivalence" : "narrower"
      }]
    },
    {
      "code" : "3.4.2",
      "target" : [{
        "code" : "3.4",
        "equivalence" : "narrower"
      }]
    },
    {
      "code" : "3.4.3",
      "target" : [{
        "code" : "3.4",
        "equivalence" : "narrower"
      }]
    },
    {
      "code" : "3.4.4",
      "target" : [{
        "code" : "3.4",
        "equivalence" : "narrower"
      }]
    },
    {
      "code" : "3.4.5",
      "target" : [{
        "code" : "3.4",
        "equivalence" : "narrower"
      }]
    },
    {
      "code" : "3.4.6",
      "target" : [{
        "code" : "3.4",
        "equivalence" : "narrower"
      }]
    },
    {
      "code" : "3.5",
      "target" : [{
        "code" : "3",
        "equivalence" : "narrower"
      }]
    },
    {
      "code" : "3.5.1",
      "target" : [{
        "code" : "3.5",
        "equivalence" : "narrower"
      }]
    },
    {
      "code" : "3.5.2",
      "target" : [{
        "code" : "3.5",
        "equivalence" : "narrower"
      }]
    },
    {
      "code" : "3.5.3",
      "target" : [{
        "code" : "3.5",
        "equivalence" : "narrower"
      }]
    },
    {
      "code" : "3.5.4",
      "target" : [{
        "code" : "3.5",
        "equivalence" : "narrower"
      }]
    },
    {
      "code" : "3.5.5",
      "target" : [{
        "code" : "3.5",
        "equivalence" : "narrower"
      }]
    },
    {
      "code" : "3.5.6",
      "target" : [{
        "code" : "3.5",
        "equivalence" : "narrower"
      }]
    },
    {
      "code" : "3.6",
      "target" : [{
        "code" : "3",
        "equivalence" : "narrower"
      }]
    },
    {
      "code" : "3.6.1",
      "target" : [{
        "code" : "3.6",
        "equivalence" : "narrower"
      }]
    },
    {
      "code" : "3.6.2",
      "target" : [{
        "code" : "3.6",
        "equivalence" : "narrower"
      }]
    },
    {
      "code" : "3.7",
      "target" : [{
        "code" : "3",
        "equivalence" : "narrower"
      }]
    },
    {
      "code" : "3.7.1",
      "target" : [{
        "code" : "3.7",
        "equivalence" : "narrower"
      }]
    },
    {
      "code" : "3.7.2",
      "target" : [{
        "code" : "3.7",
        "equivalence" : "narrower"
      }]
    },
    {
      "code" : "4.0",
      "target" : [{
        "code" : "4",
        "equivalence" : "narrower"
      }]
    },
    {
      "code" : "4.1",
      "target" : [{
        "code" : "4",
        "equivalence" : "narrower"
      }]
    },
    {
      "code" : "4.1.1",
      "target" : [{
        "code" : "4.1",
        "equivalence" : "narrower"
      }]
    },
    {
      "code" : "4.1.2",
      "target" : [{
        "code" : "4.1",
        "equivalence" : "narrower"
      }]
    },
    {
      "code" : "4.1.3",
      "target" : [{
        "code" : "4.1",
        "equivalence" : "narrower"
      }]
    },
    {
      "code" : "4.1.4",
      "target" : [{
        "code" : "4.1",
        "equivalence" : "narrower"
      }]
    },
    {
      "code" : "4.2",
      "target" : [{
        "code" : "4",
        "equivalence" : "narrower"
      }]
    },
    {
      "code" : "4.2.1",
      "target" : [{
        "code" : "4.2",
        "equivalence" : "narrower"
      }]
    },
    {
      "code" : "4.2.2",
      "target" : [{
        "code" : "4.2",
        "equivalence" : "narrower"
      }]
    },
    {
      "code" : "4.2.3",
      "target" : [{
        "code" : "4.2",
        "equivalence" : "narrower"
      }]
    },
    {
      "code" : "4.3",
      "target" : [{
        "code" : "4",
        "equivalence" : "narrower"
      }]
    },
    {
      "code" : "4.3.1",
      "target" : [{
        "code" : "4.3",
        "equivalence" : "narrower"
      }]
    },
    {
      "code" : "4.3.2",
      "target" : [{
        "code" : "4.3",
        "equivalence" : "narrower"
      }]
    },
    {
      "code" : "4.3.3",
      "target" : [{
        "code" : "4.3",
        "equivalence" : "narrower"
      }]
    },
    {
      "code" : "4.3.4",
      "target" : [{
        "code" : "4.3",
        "equivalence" : "narrower"
      }]
    },
    {
      "code" : "4.4",
      "target" : [{
        "code" : "4",
        "equivalence" : "narrower"
      }]
    },
    {
      "code" : "4.4.1",
      "target" : [{
        "code" : "4.4",
        "equivalence" : "narrower"
      }]
    }]
  }]
}