"Id","Path","Slice Name","Alias(s)","Label","Min","Max","Must Support?","Is Modifier?","Is Summary?","Type(s)","Short","Definition","Comments","Requirements","Default Value","Meaning When Missing","Fixed Value","Pattern","Example","Minimum Value","Maximum Value","Maximum Length","Binding Strength","Binding Description","Binding Value Set","Code","Slicing Discriminator","Slicing Description","Slicing Ordered","Slicing Rules","Base Path","Base Min","Base Max","Condition(s)","Constraint(s)"
"Requirements","Requirements","","","",0,*,"","","","null {[]} {[]}
","Functional and Non-Functional Requirements (DAK)","Logical Model for representing Functional and Non-Functional Requirements from a DAK. A high-level list of core functions and capabilities that the system must have to meet the end users' needs.","","","","","","","","","",,,,,"",,,,"Base",0,*,"",""
"Requirements.description[x]","Requirements.description[x]","","","",0,1,"","","","string {[]} {[]}
uri {[]} {[]}","Description","Description of the requirements - either Markdown content or a URI to a Markdown file (absolute or relative to repository root)","","","","","","","","","",,,,,"",,,,"Requirements.description[x]",0,1,"",""
"Requirements.functional","Requirements.functional","","","",0,*,"","","","Reference {[]} {[CanonicalType[http://smart.who.int/base/StructureDefinition/FunctionalRequirement]]}
","Functional Requirements","Functional requirements for the system that reference https://worldhealthorganization.github.io/smart-base/branches/fix-152/StructureDefinition-FunctionalRequirement.html","","","","","","","","","",,,,,"",,,,"Requirements.functional",0,*,"",""
"Requirements.nonfunctional","Requirements.nonfunctional","","","",0,*,"","","","Reference {[]} {[CanonicalType[http://smart.who.int/base/StructureDefinition/NonFunctionalRequirement]]}
","Non-Functional Requirements","Non-functional requirements for the system that reference https://worldhealthorganization.github.io/smart-base/branches/fix-152/StructureDefinition-NonFunctionalRequirement.html","","","","","","","","","",,,,,"",,,,"Requirements.nonfunctional",0,*,"",""
