<?xml version="1.0" encoding="UTF-8"?>

<CodeSystem xmlns="http://hl7.org/fhir">
  <id value="CDSCv1"/>
  <text>
    <status value="generated"/><div xmlns="http://www.w3.org/1999/xhtml"><p class="res-header-id"><b>Generated Narrative: CodeSystem CDSCv1</b></p><a name="CDSCv1"> </a><a name="hcCDSCv1"> </a><p>This case-insensitive code system <code>http://smart.who.int/base/CodeSystem/CDSCv1</code> defines the following codes:</p><table class="codes"><tr><td style="white-space:nowrap"><b>Code</b></td><td><b>Display</b></td></tr><tr><td style="white-space:nowrap">A<a name="CDSCv1-A"> </a></td><td>Census, population information &amp; data warehouse</td></tr><tr><td style="white-space:nowrap">B<a name="CDSCv1-B"> </a></td><td>Civil Registration and Vital Statistics</td></tr><tr><td style="white-space:nowrap">C<a name="CDSCv1-C"> </a></td><td>Client applications</td></tr><tr><td style="white-space:nowrap">D<a name="CDSCv1-D"> </a></td><td>Client communication system</td></tr><tr><td style="white-space:nowrap">E<a name="CDSCv1-E"> </a></td><td>Clinical terminology and classifications</td></tr><tr><td style="white-space:nowrap">F<a name="CDSCv1-F"> </a></td><td>Community-based Information System</td></tr><tr><td style="white-space:nowrap">G<a name="CDSCv1-G"> </a></td><td>Data interchange interoperability and accessibility</td></tr><tr><td style="white-space:nowrap">H<a name="CDSCv1-H"> </a></td><td>Electronic Medical Record</td></tr><tr><td style="white-space:nowrap">I<a name="CDSCv1-I"> </a></td><td>Emergency response system</td></tr><tr><td style="white-space:nowrap">J<a name="CDSCv1-J"> </a></td><td>Environmental monitoring systems</td></tr><tr><td style="white-space:nowrap">K<a name="CDSCv1-K"> </a></td><td>Facility Management Information System</td></tr><tr><td style="white-space:nowrap">L<a name="CDSCv1-L"> </a></td><td>Geographic Information Systems</td></tr><tr><td style="white-space:nowrap">M<a name="CDSCv1-M"> </a></td><td>Health finance and insurance system</td></tr><tr><td style="white-space:nowrap">N<a name="CDSCv1-N"> </a></td><td>Health Management Information System</td></tr><tr><td style="white-space:nowrap">O<a name="CDSCv1-O"> </a></td><td>Human Resource Information System</td></tr><tr><td style="white-space:nowrap">P<a name="CDSCv1-P"> </a></td><td>Identification registries and directories</td></tr><tr><td style="white-space:nowrap">Q<a name="CDSCv1-Q"> </a></td><td>Knowledge Management</td></tr><tr><td style="white-space:nowrap">R<a name="CDSCv1-R"> </a></td><td>Laboratory and Diagnostic System</td></tr><tr><td style="white-space:nowrap">S<a name="CDSCv1-S"> </a></td><td>Learning and Training System</td></tr><tr><td style="white-space:nowrap">T<a name="CDSCv1-T"> </a></td><td>Logistics Management Information System</td></tr><tr><td style="white-space:nowrap">U<a name="CDSCv1-U"> </a></td><td>Pharmacy Information System</td></tr><tr><td style="white-space:nowrap">V<a name="CDSCv1-V"> </a></td><td>Public health and disease surveillance</td></tr><tr><td style="white-space:nowrap">W<a name="CDSCv1-W"> </a></td><td>Research information system</td></tr><tr><td style="white-space:nowrap">X<a name="CDSCv1-X"> </a></td><td>SHR and health information repositories</td></tr><tr><td style="white-space:nowrap">Y<a name="CDSCv1-Y"> </a></td><td>Telemedicine</td></tr></table></div>
  </text>
  <url value="http://smart.who.int/base/CodeSystem/CDSCv1"/>
  <version value="0.2.0"/>
  <name value="CDSCv1"/>
  <title value="Classification of Digital Health System Categories v1"/>
  <status value="active"/>
  <experimental value="true"/>
  <date value="2025-09-18T14:46:14+00:00"/>
  <publisher value="WHO"/>
  <contact>
    <name value="WHO"/>
    <telecom>
      <system value="url"/>
      <value value="http://who.int"/>
    </telecom>
  </contact>
  <description value="CodeSystem for Classification of Digital Health System Categories v1. Autogenerated from DAK artifacts"/>
  <caseSensitive value="false"/>
  <content value="complete"/>
  <count value="25"/>
  <concept>
    <code value="A"/>
    <display value="Census, population information &amp; data warehouse"/>
  </concept>
  <concept>
    <code value="B"/>
    <display value="Civil Registration and Vital Statistics"/>
  </concept>
  <concept>
    <code value="C"/>
    <display value="Client applications"/>
  </concept>
  <concept>
    <code value="D"/>
    <display value="Client communication system"/>
  </concept>
  <concept>
    <code value="E"/>
    <display value="Clinical terminology and classifications"/>
  </concept>
  <concept>
    <code value="F"/>
    <display value="Community-based Information System"/>
  </concept>
  <concept>
    <code value="G"/>
    <display value="Data interchange interoperability and accessibility"/>
  </concept>
  <concept>
    <code value="H"/>
    <display value="Electronic Medical Record"/>
  </concept>
  <concept>
    <code value="I"/>
    <display value="Emergency response system"/>
  </concept>
  <concept>
    <code value="J"/>
    <display value="Environmental monitoring systems"/>
  </concept>
  <concept>
    <code value="K"/>
    <display value="Facility Management Information System"/>
  </concept>
  <concept>
    <code value="L"/>
    <display value="Geographic Information Systems"/>
  </concept>
  <concept>
    <code value="M"/>
    <display value="Health finance and insurance system"/>
  </concept>
  <concept>
    <code value="N"/>
    <display value="Health Management Information System"/>
  </concept>
  <concept>
    <code value="O"/>
    <display value="Human Resource Information System"/>
  </concept>
  <concept>
    <code value="P"/>
    <display value="Identification registries and directories"/>
  </concept>
  <concept>
    <code value="Q"/>
    <display value="Knowledge Management"/>
  </concept>
  <concept>
    <code value="R"/>
    <display value="Laboratory and Diagnostic System"/>
  </concept>
  <concept>
    <code value="S"/>
    <display value="Learning and Training System"/>
  </concept>
  <concept>
    <code value="T"/>
    <display value="Logistics Management Information System"/>
  </concept>
  <concept>
    <code value="U"/>
    <display value="Pharmacy Information System"/>
  </concept>
  <concept>
    <code value="V"/>
    <display value="Public health and disease surveillance"/>
  </concept>
  <concept>
    <code value="W"/>
    <display value="Research information system"/>
  </concept>
  <concept>
    <code value="X"/>
    <display value="SHR and health information repositories"/>
  </concept>
  <concept>
    <code value="Y"/>
    <display value="Telemedicine"/>
  </concept>
</CodeSystem>