"Id","Path","Slice Name","Alias(s)","Label","Min","Max","Must Support?","Is Modifier?","Is Summary?","Type(s)","Short","Definition","Comments","Requirements","Default Value","Meaning When Missing","Fixed Value","Pattern","Example","Minimum Value","Maximum Value","Maximum Length","Binding Strength","Binding Description","Binding Value Set","Code","Slicing Discriminator","Slicing Description","Slicing Ordered","Slicing Rules","Base Path","Base Min","Base Max","Condition(s)","Constraint(s)"
"SushiConfigLogicalModel","SushiConfigLogicalModel","","","",0,*,"","","","null {[]} {[]}
","SUSHI Configuration Logical Model","Logical model defining the structure of sushi-config.yaml files used for FHIR Implementation Guide configuration. This model captures the essential metadata and configuration parameters needed for IG publishing.","","","","","","","","","",,,,,"",,,,"Base",0,*,"",""
"SushiConfigLogicalModel.id","SushiConfigLogicalModel.id","","","",1,1,"","","","string {[]} {[]}
","IG Identifier","Unique identifier for the IG, should match DAK id (e.g., smart.who.int.trust)","","","","","","","","","",,,,,"",,,,"SushiConfigLogicalModel.id",1,1,"",""
"SushiConfigLogicalModel.canonical","SushiConfigLogicalModel.canonical","","","",1,1,"","","","url {[]} {[]}
","Canonical URL","Canonical URL for the IG, should match DAK publicationUrl (e.g., http://smart.who.int/trust)","","","","","","","","","",,,,,"",,,,"SushiConfigLogicalModel.canonical",1,1,"",""
"SushiConfigLogicalModel.name","SushiConfigLogicalModel.name","","","",1,1,"","","","string {[]} {[]}
","IG Name","Short name for the IG, should derive from DAK name (e.g., Trust)","","","","","","","","","",,,,,"",,,,"SushiConfigLogicalModel.name",1,1,"",""
"SushiConfigLogicalModel.title","SushiConfigLogicalModel.title","","","",1,1,"","","","string {[]} {[]}
","IG Title","Full title of the IG, should match DAK title (e.g., WHO SMART Trust)","","","","","","","","","",,,,,"",,,,"SushiConfigLogicalModel.title",1,1,"",""
"SushiConfigLogicalModel.description","SushiConfigLogicalModel.description","","","",1,1,"","","","string {[]} {[]}
","IG Description","Description of the IG, should match DAK description","","","","","","","","","",,,,,"",,,,"SushiConfigLogicalModel.description",1,1,"",""
"SushiConfigLogicalModel.version","SushiConfigLogicalModel.version","","","",1,1,"","","","string {[]} {[]}
","IG Version","Version of the IG, should match DAK version","","","","","","","","","",,,,,"",,,,"SushiConfigLogicalModel.version",1,1,"",""
"SushiConfigLogicalModel.status","SushiConfigLogicalModel.status","","","",1,1,"","","","code {[]} {[]}
","IG Status","Publication status of the IG","","","","","","","","","",,"required","","http://hl7.org/fhir/ValueSet/publication-status","",,,,"SushiConfigLogicalModel.status",1,1,"",""
"SushiConfigLogicalModel.license","SushiConfigLogicalModel.license","","","",1,1,"","","","code {[]} {[]}
","License","License under which the IG is published, should match DAK license","","","","","","","","","",,"required","","http://hl7.org/fhir/ValueSet/spdx-license","",,,,"SushiConfigLogicalModel.license",1,1,"",""
"SushiConfigLogicalModel.copyrightYear","SushiConfigLogicalModel.copyrightYear","","","",0,1,"","","","string {[]} {[]}
","Copyright Year","Year or year range for copyright, should match DAK","","","","","","","","","",,,,,"",,,,"SushiConfigLogicalModel.copyrightYear",0,1,"",""
"SushiConfigLogicalModel.experimental","SushiConfigLogicalModel.experimental","","","",0,1,"","","","boolean {[]} {[]}
","Experimental","Whether this IG is experimental, should match DAK","","","","","","","","","",,,,,"",,,,"SushiConfigLogicalModel.experimental",0,1,"",""
"SushiConfigLogicalModel.releaseLabel","SushiConfigLogicalModel.releaseLabel","","","",0,1,"","","","string {[]} {[]}
","Release Label","Label for this release (e.g., ci-build, draft, ballot)","","","","","","","","","",,,,,"",,,,"SushiConfigLogicalModel.releaseLabel",0,1,"",""
"SushiConfigLogicalModel.publisher","SushiConfigLogicalModel.publisher","","","",1,1,"","","","BackboneElement {[]} {[]}
","Publisher","Organization responsible for publishing the IG","","","","","","","","","",,,,,"",,,,"SushiConfigLogicalModel.publisher",1,1,"","ele-1:All FHIR elements must have a @value or children {hasValue() or (children().count() > id.count())}
"
"SushiConfigLogicalModel.publisher.id","SushiConfigLogicalModel.publisher.id","","","",0,1,"","","","string {[]} {[]}
","Unique id for inter-element referencing","Unique id for the element within a resource (for internal references). This may be any string value that does not contain spaces.","","","","","","","","","",,,,,"",,,,"Element.id",0,1,"",""
"SushiConfigLogicalModel.publisher.extension","SushiConfigLogicalModel.publisher.extension","","extensions
user content","",0,*,"","","","Extension {[]} {[]}
","Additional content defined by implementations","May be used to represent additional information that is not part of the basic definition of the element. To make the use of extensions safe and manageable, there is a strict set of governance  applied to the definition and use of extensions. Though any implementer can define an extension, there is a set of requirements that SHALL be met as part of the definition of the extension.","There can be no stigma associated with the use of extensions by any application, project, or standard - regardless of the institution or jurisdiction that uses or defines the extensions.  The use of extensions is what allows the FHIR specification to retain a core level of simplicity for everyone.","","","","","","","","",,,,,"","value:url}
","Extensions are always sliced by (at least) url",,"open","Element.extension",0,*,"","ele-1:All FHIR elements must have a @value or children {hasValue() or (children().count() > id.count())}
ext-1:Must have either extensions or value[x], not both {extension.exists() != value.exists()}"
"SushiConfigLogicalModel.publisher.modifierExtension","SushiConfigLogicalModel.publisher.modifierExtension","","extensions
user contentmodifiers","",0,*,"","Y","Y","Extension {[]} {[]}
","Extensions that cannot be ignored even if unrecognized","May be used to represent additional information that is not part of the basic definition of the element and that modifies the understanding of the element in which it is contained and/or the understanding of the containing element's descendants. Usually modifier elements provide negation or qualification. To make the use of extensions safe and manageable, there is a strict set of governance applied to the definition and use of extensions. Though any implementer can define an extension, there is a set of requirements that SHALL be met as part of the definition of the extension. Applications processing a resource are required to check for modifier extensions.

Modifier extensions SHALL NOT change the meaning of any elements on Resource or DomainResource (including cannot change the meaning of modifierExtension itself).","There can be no stigma associated with the use of extensions by any application, project, or standard - regardless of the institution or jurisdiction that uses or defines the extensions.  The use of extensions is what allows the FHIR specification to retain a core level of simplicity for everyone.","Modifier extensions allow for extensions that *cannot* be safely ignored to be clearly distinguished from the vast majority of extensions which can be safely ignored.  This promotes interoperability by eliminating the need for implementers to prohibit the presence of extensions. For further information, see the [definition of modifier extensions](http://hl7.org/fhir/R4/extensibility.html#modifierExtension).","","","","","","","",,,,,"",,,,"BackboneElement.modifierExtension",0,*,"","ele-1:All FHIR elements must have a @value or children {hasValue() or (children().count() > id.count())}
ext-1:Must have either extensions or value[x], not both {extension.exists() != value.exists()}"
"SushiConfigLogicalModel.publisher.name","SushiConfigLogicalModel.publisher.name","","","",1,1,"","","","string {[]} {[]}
","Publisher Name","Name of the publishing organization, should match DAK publisher name","","","","","","","","","",,,,,"",,,,"SushiConfigLogicalModel.publisher.name",1,1,"",""
"SushiConfigLogicalModel.publisher.url","SushiConfigLogicalModel.publisher.url","","","",0,1,"","","","url {[]} {[]}
","Publisher URL","URL of the publishing organization, should match DAK publisher URL","","","","","","","","","",,,,,"",,,,"SushiConfigLogicalModel.publisher.url",0,1,"",""
"SushiConfigLogicalModel.publisher.email","SushiConfigLogicalModel.publisher.email","","","",0,1,"","","","string {[]} {[]}
","Publisher Email","Contact email for the publisher","","","","","","","","","",,,,,"",,,,"SushiConfigLogicalModel.publisher.email",0,1,"",""
"SushiConfigLogicalModel.fhirVersion","SushiConfigLogicalModel.fhirVersion","","","",1,1,"","","","code {[]} {[]}
","FHIR Version","Version of FHIR this IG is built on","","","","","","","","","",,"required","","http://hl7.org/fhir/ValueSet/FHIR-version","",,,,"SushiConfigLogicalModel.fhirVersion",1,1,"",""
"SushiConfigLogicalModel.dependencies","SushiConfigLogicalModel.dependencies","","","",0,*,"","","","BackboneElement {[]} {[]}
","Dependencies","Other IGs or packages this IG depends on","","","","","","","","","",,,,,"",,,,"SushiConfigLogicalModel.dependencies",0,*,"","ele-1:All FHIR elements must have a @value or children {hasValue() or (children().count() > id.count())}
"
"SushiConfigLogicalModel.dependencies.id","SushiConfigLogicalModel.dependencies.id","","","",1,1,"","","","string {[]} {[]}
","Dependency Package ID","Package ID of the dependency","","","","","","","","","",,,,,"",,,,"Element.id",0,1,"",""
"SushiConfigLogicalModel.dependencies.extension","SushiConfigLogicalModel.dependencies.extension","","extensions
user content","",0,*,"","","","Extension {[]} {[]}
","Additional content defined by implementations","May be used to represent additional information that is not part of the basic definition of the element. To make the use of extensions safe and manageable, there is a strict set of governance  applied to the definition and use of extensions. Though any implementer can define an extension, there is a set of requirements that SHALL be met as part of the definition of the extension.","There can be no stigma associated with the use of extensions by any application, project, or standard - regardless of the institution or jurisdiction that uses or defines the extensions.  The use of extensions is what allows the FHIR specification to retain a core level of simplicity for everyone.","","","","","","","","",,,,,"","value:url}
","Extensions are always sliced by (at least) url",,"open","Element.extension",0,*,"","ele-1:All FHIR elements must have a @value or children {hasValue() or (children().count() > id.count())}
ext-1:Must have either extensions or value[x], not both {extension.exists() != value.exists()}"
"SushiConfigLogicalModel.dependencies.modifierExtension","SushiConfigLogicalModel.dependencies.modifierExtension","","extensions
user contentmodifiers","",0,*,"","Y","Y","Extension {[]} {[]}
","Extensions that cannot be ignored even if unrecognized","May be used to represent additional information that is not part of the basic definition of the element and that modifies the understanding of the element in which it is contained and/or the understanding of the containing element's descendants. Usually modifier elements provide negation or qualification. To make the use of extensions safe and manageable, there is a strict set of governance applied to the definition and use of extensions. Though any implementer can define an extension, there is a set of requirements that SHALL be met as part of the definition of the extension. Applications processing a resource are required to check for modifier extensions.

Modifier extensions SHALL NOT change the meaning of any elements on Resource or DomainResource (including cannot change the meaning of modifierExtension itself).","There can be no stigma associated with the use of extensions by any application, project, or standard - regardless of the institution or jurisdiction that uses or defines the extensions.  The use of extensions is what allows the FHIR specification to retain a core level of simplicity for everyone.","Modifier extensions allow for extensions that *cannot* be safely ignored to be clearly distinguished from the vast majority of extensions which can be safely ignored.  This promotes interoperability by eliminating the need for implementers to prohibit the presence of extensions. For further information, see the [definition of modifier extensions](http://hl7.org/fhir/R4/extensibility.html#modifierExtension).","","","","","","","",,,,,"",,,,"BackboneElement.modifierExtension",0,*,"","ele-1:All FHIR elements must have a @value or children {hasValue() or (children().count() > id.count())}
ext-1:Must have either extensions or value[x], not both {extension.exists() != value.exists()}"
"SushiConfigLogicalModel.dependencies.version","SushiConfigLogicalModel.dependencies.version","","","",1,1,"","","","string {[]} {[]}
","Dependency Version","Version of the dependency","","","","","","","","","",,,,,"",,,,"SushiConfigLogicalModel.dependencies.version",1,1,"",""
"SushiConfigLogicalModel.dependencies.reason","SushiConfigLogicalModel.dependencies.reason","","","",0,1,"","","","string {[]} {[]}
","Dependency Reason","Reason for this dependency","","","","","","","","","",,,,,"",,,,"SushiConfigLogicalModel.dependencies.reason",0,1,"",""
"SushiConfigLogicalModel.pages","SushiConfigLogicalModel.pages","","","",0,*,"","","","BackboneElement {[]} {[]}
","Pages","Custom pages included in the IG","","","","","","","","","",,,,,"",,,,"SushiConfigLogicalModel.pages",0,*,"","ele-1:All FHIR elements must have a @value or children {hasValue() or (children().count() > id.count())}
"
"SushiConfigLogicalModel.pages.id","SushiConfigLogicalModel.pages.id","","","",0,1,"","","","string {[]} {[]}
","Unique id for inter-element referencing","Unique id for the element within a resource (for internal references). This may be any string value that does not contain spaces.","","","","","","","","","",,,,,"",,,,"Element.id",0,1,"",""
"SushiConfigLogicalModel.pages.extension","SushiConfigLogicalModel.pages.extension","","extensions
user content","",0,*,"","","","Extension {[]} {[]}
","Additional content defined by implementations","May be used to represent additional information that is not part of the basic definition of the element. To make the use of extensions safe and manageable, there is a strict set of governance  applied to the definition and use of extensions. Though any implementer can define an extension, there is a set of requirements that SHALL be met as part of the definition of the extension.","There can be no stigma associated with the use of extensions by any application, project, or standard - regardless of the institution or jurisdiction that uses or defines the extensions.  The use of extensions is what allows the FHIR specification to retain a core level of simplicity for everyone.","","","","","","","","",,,,,"","value:url}
","Extensions are always sliced by (at least) url",,"open","Element.extension",0,*,"","ele-1:All FHIR elements must have a @value or children {hasValue() or (children().count() > id.count())}
ext-1:Must have either extensions or value[x], not both {extension.exists() != value.exists()}"
"SushiConfigLogicalModel.pages.modifierExtension","SushiConfigLogicalModel.pages.modifierExtension","","extensions
user contentmodifiers","",0,*,"","Y","Y","Extension {[]} {[]}
","Extensions that cannot be ignored even if unrecognized","May be used to represent additional information that is not part of the basic definition of the element and that modifies the understanding of the element in which it is contained and/or the understanding of the containing element's descendants. Usually modifier elements provide negation or qualification. To make the use of extensions safe and manageable, there is a strict set of governance applied to the definition and use of extensions. Though any implementer can define an extension, there is a set of requirements that SHALL be met as part of the definition of the extension. Applications processing a resource are required to check for modifier extensions.

Modifier extensions SHALL NOT change the meaning of any elements on Resource or DomainResource (including cannot change the meaning of modifierExtension itself).","There can be no stigma associated with the use of extensions by any application, project, or standard - regardless of the institution or jurisdiction that uses or defines the extensions.  The use of extensions is what allows the FHIR specification to retain a core level of simplicity for everyone.","Modifier extensions allow for extensions that *cannot* be safely ignored to be clearly distinguished from the vast majority of extensions which can be safely ignored.  This promotes interoperability by eliminating the need for implementers to prohibit the presence of extensions. For further information, see the [definition of modifier extensions](http://hl7.org/fhir/R4/extensibility.html#modifierExtension).","","","","","","","",,,,,"",,,,"BackboneElement.modifierExtension",0,*,"","ele-1:All FHIR elements must have a @value or children {hasValue() or (children().count() > id.count())}
ext-1:Must have either extensions or value[x], not both {extension.exists() != value.exists()}"
"SushiConfigLogicalModel.pages.filename","SushiConfigLogicalModel.pages.filename","","","",1,1,"","","","string {[]} {[]}
","Page Filename","Filename of the page (e.g., index.md)","","","","","","","","","",,,,,"",,,,"SushiConfigLogicalModel.pages.filename",1,1,"",""
"SushiConfigLogicalModel.pages.title","SushiConfigLogicalModel.pages.title","","","",1,1,"","","","string {[]} {[]}
","Page Title","Title of the page","","","","","","","","","",,,,,"",,,,"SushiConfigLogicalModel.pages.title",1,1,"",""
"SushiConfigLogicalModel.menu","SushiConfigLogicalModel.menu","","","",0,*,"","","","BackboneElement {[]} {[]}
","Menu Structure","Navigation menu structure for the IG","","","","","","","","","",,,,,"",,,,"SushiConfigLogicalModel.menu",0,*,"","ele-1:All FHIR elements must have a @value or children {hasValue() or (children().count() > id.count())}
"
"SushiConfigLogicalModel.menu.id","SushiConfigLogicalModel.menu.id","","","",0,1,"","","","string {[]} {[]}
","Unique id for inter-element referencing","Unique id for the element within a resource (for internal references). This may be any string value that does not contain spaces.","","","","","","","","","",,,,,"",,,,"Element.id",0,1,"",""
"SushiConfigLogicalModel.menu.extension","SushiConfigLogicalModel.menu.extension","","extensions
user content","",0,*,"","","","Extension {[]} {[]}
","Additional content defined by implementations","May be used to represent additional information that is not part of the basic definition of the element. To make the use of extensions safe and manageable, there is a strict set of governance  applied to the definition and use of extensions. Though any implementer can define an extension, there is a set of requirements that SHALL be met as part of the definition of the extension.","There can be no stigma associated with the use of extensions by any application, project, or standard - regardless of the institution or jurisdiction that uses or defines the extensions.  The use of extensions is what allows the FHIR specification to retain a core level of simplicity for everyone.","","","","","","","","",,,,,"","value:url}
","Extensions are always sliced by (at least) url",,"open","Element.extension",0,*,"","ele-1:All FHIR elements must have a @value or children {hasValue() or (children().count() > id.count())}
ext-1:Must have either extensions or value[x], not both {extension.exists() != value.exists()}"
"SushiConfigLogicalModel.menu.modifierExtension","SushiConfigLogicalModel.menu.modifierExtension","","extensions
user contentmodifiers","",0,*,"","Y","Y","Extension {[]} {[]}
","Extensions that cannot be ignored even if unrecognized","May be used to represent additional information that is not part of the basic definition of the element and that modifies the understanding of the element in which it is contained and/or the understanding of the containing element's descendants. Usually modifier elements provide negation or qualification. To make the use of extensions safe and manageable, there is a strict set of governance applied to the definition and use of extensions. Though any implementer can define an extension, there is a set of requirements that SHALL be met as part of the definition of the extension. Applications processing a resource are required to check for modifier extensions.

Modifier extensions SHALL NOT change the meaning of any elements on Resource or DomainResource (including cannot change the meaning of modifierExtension itself).","There can be no stigma associated with the use of extensions by any application, project, or standard - regardless of the institution or jurisdiction that uses or defines the extensions.  The use of extensions is what allows the FHIR specification to retain a core level of simplicity for everyone.","Modifier extensions allow for extensions that *cannot* be safely ignored to be clearly distinguished from the vast majority of extensions which can be safely ignored.  This promotes interoperability by eliminating the need for implementers to prohibit the presence of extensions. For further information, see the [definition of modifier extensions](http://hl7.org/fhir/R4/extensibility.html#modifierExtension).","","","","","","","",,,,,"",,,,"BackboneElement.modifierExtension",0,*,"","ele-1:All FHIR elements must have a @value or children {hasValue() or (children().count() > id.count())}
ext-1:Must have either extensions or value[x], not both {extension.exists() != value.exists()}"
"SushiConfigLogicalModel.menu.title","SushiConfigLogicalModel.menu.title","","","",1,1,"","","","string {[]} {[]}
","Menu Title","Title of the menu item","","","","","","","","","",,,,,"",,,,"SushiConfigLogicalModel.menu.title",1,1,"",""
"SushiConfigLogicalModel.menu.url","SushiConfigLogicalModel.menu.url","","","",1,1,"","","","string {[]} {[]}
","Menu URL","URL of the menu item","","","","","","","","","",,,,,"",,,,"SushiConfigLogicalModel.menu.url",1,1,"",""
"SushiConfigLogicalModel.menu.subItems","SushiConfigLogicalModel.menu.subItems","","","",0,*,"","","","BackboneElement {[]} {[]}
","Sub Menu Items","Sub-menu items","","","","","","","","","",,,,,"",,,,"SushiConfigLogicalModel.menu.subItems",0,*,"","ele-1:All FHIR elements must have a @value or children {hasValue() or (children().count() > id.count())}
"
"SushiConfigLogicalModel.menu.subItems.id","SushiConfigLogicalModel.menu.subItems.id","","","",0,1,"","","","string {[]} {[]}
","Unique id for inter-element referencing","Unique id for the element within a resource (for internal references). This may be any string value that does not contain spaces.","","","","","","","","","",,,,,"",,,,"Element.id",0,1,"",""
"SushiConfigLogicalModel.menu.subItems.extension","SushiConfigLogicalModel.menu.subItems.extension","","extensions
user content","",0,*,"","","","Extension {[]} {[]}
","Additional content defined by implementations","May be used to represent additional information that is not part of the basic definition of the element. To make the use of extensions safe and manageable, there is a strict set of governance  applied to the definition and use of extensions. Though any implementer can define an extension, there is a set of requirements that SHALL be met as part of the definition of the extension.","There can be no stigma associated with the use of extensions by any application, project, or standard - regardless of the institution or jurisdiction that uses or defines the extensions.  The use of extensions is what allows the FHIR specification to retain a core level of simplicity for everyone.","","","","","","","","",,,,,"","value:url}
","Extensions are always sliced by (at least) url",,"open","Element.extension",0,*,"","ele-1:All FHIR elements must have a @value or children {hasValue() or (children().count() > id.count())}
ext-1:Must have either extensions or value[x], not both {extension.exists() != value.exists()}"
"SushiConfigLogicalModel.menu.subItems.modifierExtension","SushiConfigLogicalModel.menu.subItems.modifierExtension","","extensions
user contentmodifiers","",0,*,"","Y","Y","Extension {[]} {[]}
","Extensions that cannot be ignored even if unrecognized","May be used to represent additional information that is not part of the basic definition of the element and that modifies the understanding of the element in which it is contained and/or the understanding of the containing element's descendants. Usually modifier elements provide negation or qualification. To make the use of extensions safe and manageable, there is a strict set of governance applied to the definition and use of extensions. Though any implementer can define an extension, there is a set of requirements that SHALL be met as part of the definition of the extension. Applications processing a resource are required to check for modifier extensions.

Modifier extensions SHALL NOT change the meaning of any elements on Resource or DomainResource (including cannot change the meaning of modifierExtension itself).","There can be no stigma associated with the use of extensions by any application, project, or standard - regardless of the institution or jurisdiction that uses or defines the extensions.  The use of extensions is what allows the FHIR specification to retain a core level of simplicity for everyone.","Modifier extensions allow for extensions that *cannot* be safely ignored to be clearly distinguished from the vast majority of extensions which can be safely ignored.  This promotes interoperability by eliminating the need for implementers to prohibit the presence of extensions. For further information, see the [definition of modifier extensions](http://hl7.org/fhir/R4/extensibility.html#modifierExtension).","","","","","","","",,,,,"",,,,"BackboneElement.modifierExtension",0,*,"","ele-1:All FHIR elements must have a @value or children {hasValue() or (children().count() > id.count())}
ext-1:Must have either extensions or value[x], not both {extension.exists() != value.exists()}"
"SushiConfigLogicalModel.menu.subItems.title","SushiConfigLogicalModel.menu.subItems.title","","","",1,1,"","","","string {[]} {[]}
","Sub-item Title","Title of the sub-menu item","","","","","","","","","",,,,,"",,,,"SushiConfigLogicalModel.menu.subItems.title",1,1,"",""
"SushiConfigLogicalModel.menu.subItems.url","SushiConfigLogicalModel.menu.subItems.url","","","",1,1,"","","","string {[]} {[]}
","Sub-item URL","URL of the sub-menu item","","","","","","","","","",,,,,"",,,,"SushiConfigLogicalModel.menu.subItems.url",1,1,"",""
"SushiConfigLogicalModel.resources","SushiConfigLogicalModel.resources","","","",0,*,"","","","BackboneElement {[]} {[]}
","Resource Definitions","Explicit resource definitions for the IG","","","","","","","","","",,,,,"",,,,"SushiConfigLogicalModel.resources",0,*,"","ele-1:All FHIR elements must have a @value or children {hasValue() or (children().count() > id.count())}
"
"SushiConfigLogicalModel.resources.id","SushiConfigLogicalModel.resources.id","","","",0,1,"","","","string {[]} {[]}
","Unique id for inter-element referencing","Unique id for the element within a resource (for internal references). This may be any string value that does not contain spaces.","","","","","","","","","",,,,,"",,,,"Element.id",0,1,"",""
"SushiConfigLogicalModel.resources.extension","SushiConfigLogicalModel.resources.extension","","extensions
user content","",0,*,"","","","Extension {[]} {[]}
","Additional content defined by implementations","May be used to represent additional information that is not part of the basic definition of the element. To make the use of extensions safe and manageable, there is a strict set of governance  applied to the definition and use of extensions. Though any implementer can define an extension, there is a set of requirements that SHALL be met as part of the definition of the extension.","There can be no stigma associated with the use of extensions by any application, project, or standard - regardless of the institution or jurisdiction that uses or defines the extensions.  The use of extensions is what allows the FHIR specification to retain a core level of simplicity for everyone.","","","","","","","","",,,,,"","value:url}
","Extensions are always sliced by (at least) url",,"open","Element.extension",0,*,"","ele-1:All FHIR elements must have a @value or children {hasValue() or (children().count() > id.count())}
ext-1:Must have either extensions or value[x], not both {extension.exists() != value.exists()}"
"SushiConfigLogicalModel.resources.modifierExtension","SushiConfigLogicalModel.resources.modifierExtension","","extensions
user contentmodifiers","",0,*,"","Y","Y","Extension {[]} {[]}
","Extensions that cannot be ignored even if unrecognized","May be used to represent additional information that is not part of the basic definition of the element and that modifies the understanding of the element in which it is contained and/or the understanding of the containing element's descendants. Usually modifier elements provide negation or qualification. To make the use of extensions safe and manageable, there is a strict set of governance applied to the definition and use of extensions. Though any implementer can define an extension, there is a set of requirements that SHALL be met as part of the definition of the extension. Applications processing a resource are required to check for modifier extensions.

Modifier extensions SHALL NOT change the meaning of any elements on Resource or DomainResource (including cannot change the meaning of modifierExtension itself).","There can be no stigma associated with the use of extensions by any application, project, or standard - regardless of the institution or jurisdiction that uses or defines the extensions.  The use of extensions is what allows the FHIR specification to retain a core level of simplicity for everyone.","Modifier extensions allow for extensions that *cannot* be safely ignored to be clearly distinguished from the vast majority of extensions which can be safely ignored.  This promotes interoperability by eliminating the need for implementers to prohibit the presence of extensions. For further information, see the [definition of modifier extensions](http://hl7.org/fhir/R4/extensibility.html#modifierExtension).","","","","","","","",,,,,"",,,,"BackboneElement.modifierExtension",0,*,"","ele-1:All FHIR elements must have a @value or children {hasValue() or (children().count() > id.count())}
ext-1:Must have either extensions or value[x], not both {extension.exists() != value.exists()}"
"SushiConfigLogicalModel.resources.reference","SushiConfigLogicalModel.resources.reference","","","",1,1,"","","","string {[]} {[]}
","Resource Reference","Reference to the resource (used as YAML key)","","","","","","","","","",,,,,"",,,,"SushiConfigLogicalModel.resources.reference",1,1,"",""
"SushiConfigLogicalModel.resources.name","SushiConfigLogicalModel.resources.name","","","",0,1,"","","","string {[]} {[]}
","Resource Name","Human-readable name for the resource","","","","","","","","","",,,,,"",,,,"SushiConfigLogicalModel.resources.name",0,1,"",""
"SushiConfigLogicalModel.resources.description","SushiConfigLogicalModel.resources.description","","","",0,1,"","","","string {[]} {[]}
","Resource Description","Description of the resource","","","","","","","","","",,,,,"",,,,"SushiConfigLogicalModel.resources.description",0,1,"",""
"SushiConfigLogicalModel.resources.exampleBoolean","SushiConfigLogicalModel.resources.exampleBoolean","","","",0,1,"","","","boolean {[]} {[]}
","Is Example","Whether this resource is an example","","","","","","","","","",,,,,"",,,,"SushiConfigLogicalModel.resources.exampleBoolean",0,1,"",""
"SushiConfigLogicalModel.resources.exampleCanonical","SushiConfigLogicalModel.resources.exampleCanonical","","","",0,1,"","","","canonical {[]} {[]}
","Example Canonical","Canonical URL this resource is an example of","","","","","","","","","",,,,,"",,,,"SushiConfigLogicalModel.resources.exampleCanonical",0,1,"",""
"SushiConfigLogicalModel.resources.groupingId","SushiConfigLogicalModel.resources.groupingId","","","",0,1,"","","","string {[]} {[]}
","Grouping ID","ID of the group this resource belongs to","","","","","","","","","",,,,,"",,,,"SushiConfigLogicalModel.resources.groupingId",0,1,"",""
"SushiConfigLogicalModel.groups","SushiConfigLogicalModel.groups","","","",0,*,"","","","BackboneElement {[]} {[]}
","Resource Groups","Logical groupings of resources in the IG","","","","","","","","","",,,,,"",,,,"SushiConfigLogicalModel.groups",0,*,"","ele-1:All FHIR elements must have a @value or children {hasValue() or (children().count() > id.count())}
"
"SushiConfigLogicalModel.groups.id","SushiConfigLogicalModel.groups.id","","","",1,1,"","","","string {[]} {[]}
","Group ID","Identifier for the group","","","","","","","","","",,,,,"",,,,"Element.id",0,1,"",""
"SushiConfigLogicalModel.groups.extension","SushiConfigLogicalModel.groups.extension","","extensions
user content","",0,*,"","","","Extension {[]} {[]}
","Additional content defined by implementations","May be used to represent additional information that is not part of the basic definition of the element. To make the use of extensions safe and manageable, there is a strict set of governance  applied to the definition and use of extensions. Though any implementer can define an extension, there is a set of requirements that SHALL be met as part of the definition of the extension.","There can be no stigma associated with the use of extensions by any application, project, or standard - regardless of the institution or jurisdiction that uses or defines the extensions.  The use of extensions is what allows the FHIR specification to retain a core level of simplicity for everyone.","","","","","","","","",,,,,"","value:url}
","Extensions are always sliced by (at least) url",,"open","Element.extension",0,*,"","ele-1:All FHIR elements must have a @value or children {hasValue() or (children().count() > id.count())}
ext-1:Must have either extensions or value[x], not both {extension.exists() != value.exists()}"
"SushiConfigLogicalModel.groups.modifierExtension","SushiConfigLogicalModel.groups.modifierExtension","","extensions
user contentmodifiers","",0,*,"","Y","Y","Extension {[]} {[]}
","Extensions that cannot be ignored even if unrecognized","May be used to represent additional information that is not part of the basic definition of the element and that modifies the understanding of the element in which it is contained and/or the understanding of the containing element's descendants. Usually modifier elements provide negation or qualification. To make the use of extensions safe and manageable, there is a strict set of governance applied to the definition and use of extensions. Though any implementer can define an extension, there is a set of requirements that SHALL be met as part of the definition of the extension. Applications processing a resource are required to check for modifier extensions.

Modifier extensions SHALL NOT change the meaning of any elements on Resource or DomainResource (including cannot change the meaning of modifierExtension itself).","There can be no stigma associated with the use of extensions by any application, project, or standard - regardless of the institution or jurisdiction that uses or defines the extensions.  The use of extensions is what allows the FHIR specification to retain a core level of simplicity for everyone.","Modifier extensions allow for extensions that *cannot* be safely ignored to be clearly distinguished from the vast majority of extensions which can be safely ignored.  This promotes interoperability by eliminating the need for implementers to prohibit the presence of extensions. For further information, see the [definition of modifier extensions](http://hl7.org/fhir/R4/extensibility.html#modifierExtension).","","","","","","","",,,,,"",,,,"BackboneElement.modifierExtension",0,*,"","ele-1:All FHIR elements must have a @value or children {hasValue() or (children().count() > id.count())}
ext-1:Must have either extensions or value[x], not both {extension.exists() != value.exists()}"
"SushiConfigLogicalModel.groups.name","SushiConfigLogicalModel.groups.name","","","",1,1,"","","","string {[]} {[]}
","Group Name","Human-readable name for the group","","","","","","","","","",,,,,"",,,,"SushiConfigLogicalModel.groups.name",1,1,"",""
"SushiConfigLogicalModel.groups.description","SushiConfigLogicalModel.groups.description","","","",1,1,"","","","string {[]} {[]}
","Group Description","Description of the group","","","","","","","","","",,,,,"",,,,"SushiConfigLogicalModel.groups.description",1,1,"",""
"SushiConfigLogicalModel.groups.resources","SushiConfigLogicalModel.groups.resources","","","",0,*,"","","","string {[]} {[]}
","Group Resources","List of resources in this group","","","","","","","","","",,,,,"",,,,"SushiConfigLogicalModel.groups.resources",0,*,"",""
"SushiConfigLogicalModel.global","SushiConfigLogicalModel.global","","","",0,*,"","","","BackboneElement {[]} {[]}
","Global Profiles","Global profile assignments","","","","","","","","","",,,,,"",,,,"SushiConfigLogicalModel.global",0,*,"","ele-1:All FHIR elements must have a @value or children {hasValue() or (children().count() > id.count())}
"
"SushiConfigLogicalModel.global.id","SushiConfigLogicalModel.global.id","","","",0,1,"","","","string {[]} {[]}
","Unique id for inter-element referencing","Unique id for the element within a resource (for internal references). This may be any string value that does not contain spaces.","","","","","","","","","",,,,,"",,,,"Element.id",0,1,"",""
"SushiConfigLogicalModel.global.extension","SushiConfigLogicalModel.global.extension","","extensions
user content","",0,*,"","","","Extension {[]} {[]}
","Additional content defined by implementations","May be used to represent additional information that is not part of the basic definition of the element. To make the use of extensions safe and manageable, there is a strict set of governance  applied to the definition and use of extensions. Though any implementer can define an extension, there is a set of requirements that SHALL be met as part of the definition of the extension.","There can be no stigma associated with the use of extensions by any application, project, or standard - regardless of the institution or jurisdiction that uses or defines the extensions.  The use of extensions is what allows the FHIR specification to retain a core level of simplicity for everyone.","","","","","","","","",,,,,"","value:url}
","Extensions are always sliced by (at least) url",,"open","Element.extension",0,*,"","ele-1:All FHIR elements must have a @value or children {hasValue() or (children().count() > id.count())}
ext-1:Must have either extensions or value[x], not both {extension.exists() != value.exists()}"
"SushiConfigLogicalModel.global.modifierExtension","SushiConfigLogicalModel.global.modifierExtension","","extensions
user contentmodifiers","",0,*,"","Y","Y","Extension {[]} {[]}
","Extensions that cannot be ignored even if unrecognized","May be used to represent additional information that is not part of the basic definition of the element and that modifies the understanding of the element in which it is contained and/or the understanding of the containing element's descendants. Usually modifier elements provide negation or qualification. To make the use of extensions safe and manageable, there is a strict set of governance applied to the definition and use of extensions. Though any implementer can define an extension, there is a set of requirements that SHALL be met as part of the definition of the extension. Applications processing a resource are required to check for modifier extensions.

Modifier extensions SHALL NOT change the meaning of any elements on Resource or DomainResource (including cannot change the meaning of modifierExtension itself).","There can be no stigma associated with the use of extensions by any application, project, or standard - regardless of the institution or jurisdiction that uses or defines the extensions.  The use of extensions is what allows the FHIR specification to retain a core level of simplicity for everyone.","Modifier extensions allow for extensions that *cannot* be safely ignored to be clearly distinguished from the vast majority of extensions which can be safely ignored.  This promotes interoperability by eliminating the need for implementers to prohibit the presence of extensions. For further information, see the [definition of modifier extensions](http://hl7.org/fhir/R4/extensibility.html#modifierExtension).","","","","","","","",,,,,"",,,,"BackboneElement.modifierExtension",0,*,"","ele-1:All FHIR elements must have a @value or children {hasValue() or (children().count() > id.count())}
ext-1:Must have either extensions or value[x], not both {extension.exists() != value.exists()}"
"SushiConfigLogicalModel.global.type","SushiConfigLogicalModel.global.type","","","",1,1,"","","","string {[]} {[]}
","Resource Type","FHIR resource type","","","","","","","","","",,,,,"",,,,"SushiConfigLogicalModel.global.type",1,1,"",""
"SushiConfigLogicalModel.global.profile","SushiConfigLogicalModel.global.profile","","","",1,1,"","","","canonical {[]} {[]}
","Profile URL","URL of the profile to apply globally","","","","","","","","","",,,,,"",,,,"SushiConfigLogicalModel.global.profile",1,1,"",""
"SushiConfigLogicalModel.meta","SushiConfigLogicalModel.meta","","","",0,1,"","","","BackboneElement {[]} {[]}
","IG Metadata","Additional metadata for the IG","","","","","","","","","",,,,,"",,,,"SushiConfigLogicalModel.meta",0,1,"","ele-1:All FHIR elements must have a @value or children {hasValue() or (children().count() > id.count())}
"
"SushiConfigLogicalModel.meta.id","SushiConfigLogicalModel.meta.id","","","",0,1,"","","","string {[]} {[]}
","Unique id for inter-element referencing","Unique id for the element within a resource (for internal references). This may be any string value that does not contain spaces.","","","","","","","","","",,,,,"",,,,"Element.id",0,1,"",""
"SushiConfigLogicalModel.meta.extension","SushiConfigLogicalModel.meta.extension","","extensions
user content","",0,*,"","","","Extension {[]} {[]}
","Additional content defined by implementations","May be used to represent additional information that is not part of the basic definition of the element. To make the use of extensions safe and manageable, there is a strict set of governance  applied to the definition and use of extensions. Though any implementer can define an extension, there is a set of requirements that SHALL be met as part of the definition of the extension.","There can be no stigma associated with the use of extensions by any application, project, or standard - regardless of the institution or jurisdiction that uses or defines the extensions.  The use of extensions is what allows the FHIR specification to retain a core level of simplicity for everyone.","","","","","","","","",,,,,"","value:url}
","Extensions are always sliced by (at least) url",,"open","Element.extension",0,*,"","ele-1:All FHIR elements must have a @value or children {hasValue() or (children().count() > id.count())}
ext-1:Must have either extensions or value[x], not both {extension.exists() != value.exists()}"
"SushiConfigLogicalModel.meta.modifierExtension","SushiConfigLogicalModel.meta.modifierExtension","","extensions
user contentmodifiers","",0,*,"","Y","Y","Extension {[]} {[]}
","Extensions that cannot be ignored even if unrecognized","May be used to represent additional information that is not part of the basic definition of the element and that modifies the understanding of the element in which it is contained and/or the understanding of the containing element's descendants. Usually modifier elements provide negation or qualification. To make the use of extensions safe and manageable, there is a strict set of governance applied to the definition and use of extensions. Though any implementer can define an extension, there is a set of requirements that SHALL be met as part of the definition of the extension. Applications processing a resource are required to check for modifier extensions.

Modifier extensions SHALL NOT change the meaning of any elements on Resource or DomainResource (including cannot change the meaning of modifierExtension itself).","There can be no stigma associated with the use of extensions by any application, project, or standard - regardless of the institution or jurisdiction that uses or defines the extensions.  The use of extensions is what allows the FHIR specification to retain a core level of simplicity for everyone.","Modifier extensions allow for extensions that *cannot* be safely ignored to be clearly distinguished from the vast majority of extensions which can be safely ignored.  This promotes interoperability by eliminating the need for implementers to prohibit the presence of extensions. For further information, see the [definition of modifier extensions](http://hl7.org/fhir/R4/extensibility.html#modifierExtension).","","","","","","","",,,,,"",,,,"BackboneElement.modifierExtension",0,*,"","ele-1:All FHIR elements must have a @value or children {hasValue() or (children().count() > id.count())}
ext-1:Must have either extensions or value[x], not both {extension.exists() != value.exists()}"
"SushiConfigLogicalModel.meta.profile","SushiConfigLogicalModel.meta.profile","","","",0,*,"","","","canonical {[]} {[]}
","Meta Profiles","Profiles this IG conforms to","","","","","","","","","",,,,,"",,,,"SushiConfigLogicalModel.meta.profile",0,*,"",""
"SushiConfigLogicalModel.contact","SushiConfigLogicalModel.contact","","","",0,*,"","","","ContactDetail {[]} {[]}
","Contact Information","Contact details for this IG","","","","","","","","","",,,,,"",,,,"SushiConfigLogicalModel.contact",0,*,"",""
"SushiConfigLogicalModel.useContext","SushiConfigLogicalModel.useContext","","","",0,*,"","","","UsageContext {[]} {[]}
","Use Context","Context where this IG is intended to be used","","","","","","","","","",,,,,"",,,,"SushiConfigLogicalModel.useContext",0,*,"",""
"SushiConfigLogicalModel.jurisdiction","SushiConfigLogicalModel.jurisdiction","","","",0,*,"","","","CodeableConcept {[]} {[]}
","Jurisdiction","Jurisdictions where this IG applies","","","","","","","","","",,,,,"",,,,"SushiConfigLogicalModel.jurisdiction",0,*,"",""
"SushiConfigLogicalModel.FSHOnly","SushiConfigLogicalModel.FSHOnly","","","",0,1,"","","","boolean {[]} {[]}
","FSH Only","Whether to export only FSH resources without IG content","","","","","","","","","",,,,,"",,,,"SushiConfigLogicalModel.FSHOnly",0,1,"",""
"SushiConfigLogicalModel.applyExtensionMetadataToRoot","SushiConfigLogicalModel.applyExtensionMetadataToRoot","","","",0,1,"","","","boolean {[]} {[]}
","Apply Extension Metadata","Whether to apply extension metadata to root elements","","","","","","","","","",,,,,"",,,,"SushiConfigLogicalModel.applyExtensionMetadataToRoot",0,1,"",""
"SushiConfigLogicalModel.instanceOptions","SushiConfigLogicalModel.instanceOptions","","","",0,1,"","","","BackboneElement {[]} {[]}
","Instance Options","Configuration for instance processing","","","","","","","","","",,,,,"",,,,"SushiConfigLogicalModel.instanceOptions",0,1,"","ele-1:All FHIR elements must have a @value or children {hasValue() or (children().count() > id.count())}
"
"SushiConfigLogicalModel.instanceOptions.id","SushiConfigLogicalModel.instanceOptions.id","","","",0,1,"","","","string {[]} {[]}
","Unique id for inter-element referencing","Unique id for the element within a resource (for internal references). This may be any string value that does not contain spaces.","","","","","","","","","",,,,,"",,,,"Element.id",0,1,"",""
"SushiConfigLogicalModel.instanceOptions.extension","SushiConfigLogicalModel.instanceOptions.extension","","extensions
user content","",0,*,"","","","Extension {[]} {[]}
","Additional content defined by implementations","May be used to represent additional information that is not part of the basic definition of the element. To make the use of extensions safe and manageable, there is a strict set of governance  applied to the definition and use of extensions. Though any implementer can define an extension, there is a set of requirements that SHALL be met as part of the definition of the extension.","There can be no stigma associated with the use of extensions by any application, project, or standard - regardless of the institution or jurisdiction that uses or defines the extensions.  The use of extensions is what allows the FHIR specification to retain a core level of simplicity for everyone.","","","","","","","","",,,,,"","value:url}
","Extensions are always sliced by (at least) url",,"open","Element.extension",0,*,"","ele-1:All FHIR elements must have a @value or children {hasValue() or (children().count() > id.count())}
ext-1:Must have either extensions or value[x], not both {extension.exists() != value.exists()}"
"SushiConfigLogicalModel.instanceOptions.modifierExtension","SushiConfigLogicalModel.instanceOptions.modifierExtension","","extensions
user contentmodifiers","",0,*,"","Y","Y","Extension {[]} {[]}
","Extensions that cannot be ignored even if unrecognized","May be used to represent additional information that is not part of the basic definition of the element and that modifies the understanding of the element in which it is contained and/or the understanding of the containing element's descendants. Usually modifier elements provide negation or qualification. To make the use of extensions safe and manageable, there is a strict set of governance applied to the definition and use of extensions. Though any implementer can define an extension, there is a set of requirements that SHALL be met as part of the definition of the extension. Applications processing a resource are required to check for modifier extensions.

Modifier extensions SHALL NOT change the meaning of any elements on Resource or DomainResource (including cannot change the meaning of modifierExtension itself).","There can be no stigma associated with the use of extensions by any application, project, or standard - regardless of the institution or jurisdiction that uses or defines the extensions.  The use of extensions is what allows the FHIR specification to retain a core level of simplicity for everyone.","Modifier extensions allow for extensions that *cannot* be safely ignored to be clearly distinguished from the vast majority of extensions which can be safely ignored.  This promotes interoperability by eliminating the need for implementers to prohibit the presence of extensions. For further information, see the [definition of modifier extensions](http://hl7.org/fhir/R4/extensibility.html#modifierExtension).","","","","","","","",,,,,"",,,,"BackboneElement.modifierExtension",0,*,"","ele-1:All FHIR elements must have a @value or children {hasValue() or (children().count() > id.count())}
ext-1:Must have either extensions or value[x], not both {extension.exists() != value.exists()}"
"SushiConfigLogicalModel.instanceOptions.setMetaProfile","SushiConfigLogicalModel.instanceOptions.setMetaProfile","","","",0,1,"","","","code {[]} {[]}
","Set Meta Profile","When to automatically set meta.profile","","","","","","","","","",,,,,"",,,,"SushiConfigLogicalModel.instanceOptions.setMetaProfile",0,1,"",""
"SushiConfigLogicalModel.instanceOptions.setId","SushiConfigLogicalModel.instanceOptions.setId","","","",0,1,"","","","code {[]} {[]}
","Set ID","When to automatically set id","","","","","","","","","",,,,,"",,,,"SushiConfigLogicalModel.instanceOptions.setId",0,1,"",""
