{
  "resourceType" : "ValueSet",
  "id" : "DecisionTableActions",
  "text" : {
    "status" : "generated",
    "div" : "<div xmlns=\"http://www.w3.org/1999/xhtml\"><p class=\"res-header-id\"><b>Generated Narrative: ValueSet DecisionTableActions</b></p><a name=\"DecisionTableActions\"> </a><a name=\"hcDecisionTableActions\"> </a><ul><li>Include all codes defined in <a href=\"CodeSystem-DecisionTableActions.html\"><code>http://smart.who.int/base/CodeSystem/DecisionTableActions</code></a><span title=\"Version is not explicitly stated, which means it is fixed to the version provided in this specification\"> version &#x1F4E6;0.2.0</span></li></ul></div>"
  },
  "url" : "http://smart.who.int/base/ValueSet/DecisionTableActions",
  "version" : "0.2.0",
  "name" : "DecisionTableActions",
  "title" : "Smart Guidelines Decision Table Actions",
  "status" : "active",
  "experimental" : true,
  "date" : "2026-02-13T20:26:50+00:00",
  "publisher" : "WHO",
  "contact" : [{
    "name" : "WHO",
    "telecom" : [{
      "system" : "url",
      "value" : "http://who.int"
    }]
  }],
  "description" : "Value Set for Smart Guidelines Documentation Decision Table Actions",
  "compose" : {
    "include" : [{
      "system" : "http://smart.who.int/base/CodeSystem/DecisionTableActions"
    }]
  }
}