<?xml version="1.0" encoding="UTF-8"?>

<ValueSet xmlns="http://hl7.org/fhir">
  <id value="DecisionTableActions"/>
  <text>
    <status value="generated"/><div xmlns="http://www.w3.org/1999/xhtml"><p class="res-header-id"><b>Generated Narrative: ValueSet DecisionTableActions</b></p><a name="DecisionTableActions"> </a><a name="hcDecisionTableActions"> </a><ul><li>Include all codes defined in <a href="CodeSystem-DecisionTableActions.html"><code>http://smart.who.int/base/CodeSystem/DecisionTableActions</code></a><span title="Version is not explicitly stated, which means it is fixed to the version provided in this specification"> version &#x1F4E6;0.2.0</span></li></ul></div>
  </text>
  <url value="http://smart.who.int/base/ValueSet/DecisionTableActions"/>
  <version value="0.2.0"/>
  <name value="DecisionTableActions"/>
  <title value="Smart Guidelines Decision Table Actions"/>
  <status value="active"/>
  <experimental value="true"/>
  <date value="2026-02-13T20:26:50+00:00"/>
  <publisher value="WHO"/>
  <contact>
    <name value="WHO"/>
    <telecom>
      <system value="url"/>
      <value value="http://who.int"/>
    </telecom>
  </contact>
  <description value="Value Set for Smart Guidelines Documentation Decision Table Actions"/>
  <compose>
    <include>
      <system value="http://smart.who.int/base/CodeSystem/DecisionTableActions"/>
    </include>
  </compose>
</ValueSet>