"Id","Path","Slice Name","Alias(s)","Label","Min","Max","Must Support?","Is Modifier?","Is Summary?","Type(s)","Short","Definition","Comments","Requirements","Default Value","Meaning When Missing","Fixed Value","Pattern","Example","Minimum Value","Maximum Value","Maximum Length","Binding Strength","Binding Description","Binding Value Set","Code","Slicing Discriminator","Slicing Description","Slicing Ordered","Slicing Rules","Base Path","Base Min","Base Max","Condition(s)","Constraint(s)"
"Requirements","Requirements","","","",0,*,"","","","null {[]} {[]}
","Functional and Non-Functional Requirements (DAK)","Logical Model for representing Functional and Non-Functional Requirements from a DAK. A high-level list of core functions and capabilities that the system must have to meet the end users' needs.","","","","","","","","","",,,,,"",,,,"Base",0,*,"",""
"Requirements.functional","Requirements.functional","","","",0,8,"","","","id {[]} {[]}
","Functional Requirements","Functional requirements for the system","","","","","","","","","",,,,,"",,,,"Requirements.functional",0,8,"",""
"Requirements.nonfunctional","Requirements.nonfunctional","","","",0,8,"","","","id {[]} {[]}
","Non-Functional Requirements","Non-functional requirements for the system","","","","","","","","","",,,,,"",,,,"Requirements.nonfunctional",0,8,"",""
