"Id","Path","Slice Name","Alias(s)","Label","Min","Max","Must Support?","Is Modifier?","Is Summary?","Type(s)","Short","Definition","Comments","Requirements","Default Value","Meaning When Missing","Fixed Value","Pattern","Example","Minimum Value","Maximum Value","Maximum Length","Binding Strength","Binding Description","Binding Value Set","Code","Slicing Discriminator","Slicing Description","Slicing Ordered","Slicing Rules","Base Path","Base Min","Base Max","Condition(s)","Constraint(s)"
"CoreDataElement","CoreDataElement","","","",0,*,"","","","null {[]} {[]}
","Core Data Element (DAK)","Logical Model for representing Core Data Elements from a DAK. Data elements are required throughout the different points of a workflow and are mapped to established concept mapping standards.","","","","","","","","","",,,,,"",,,,"Base",0,*,"",""
"CoreDataElement.code","CoreDataElement.code","","","",1,1,"","","","code {[]} {[]}
","Code","Code that identifies the concept","","","","","","","","","",,,,,"",,,,"CoreDataElement.code",1,1,"",""
"CoreDataElement.display","CoreDataElement.display","","","",1,1,"","","","string {[]} {[]}
","Display","Text displayed to the user","","","","","","","","","",,,,,"",,,,"CoreDataElement.display",1,1,"",""
"CoreDataElement.definition","CoreDataElement.definition","","","",1,1,"","","","string {[]} {[]}
","Definition","Formal definition of the data element","","","","","","","","","",,,,,"",,,,"CoreDataElement.definition",1,1,"",""
